image,class
Data/Training/Frames/WolvesManCity122719Hframe115.jpg,1
Data/Training/Frames/Full/WolvesManCity122719frame90.jpg,0
Data/Training/Frames/WolvesManCity122719Hframe365.jpg,1
Data/Training/Frames/Full/WolvesManCity122719frame187.jpg,0
Data/Training/Frames/WolvesManCity122719Hframe484.jpg,1
Data/Training/Frames/WolvesManCity122719Hframe116.jpg,1
Data/Training/Frames/Full/WolvesManCity122719frame150.jpg,0
Data/Training/Frames/Full/WolvesManCity122719frame108.jpg,0
Data/Training/Frames/Full/WolvesManCity122719frame362.jpg,0
Data/Training/Frames/WolvesManCity122719Hframe82.jpg,1
Data/Training/Frames/WolvesManCity122719Hframe409.jpg,1
Data/Training/Frames/WolvesManCity122719Hframe517.jpg,1
Data/Training/Frames/Full/WolvesManCity122719frame86.jpg,0
Data/Training/Frames/Full/WolvesManCity122719frame680.jpg,0
Data/Training/Frames/Full/WolvesManCity122719frame506.jpg,0
Data/Training/Frames/Full/WolvesManCity122719frame462.jpg,0
Data/Training/Frames/Full/WolvesManCity122719frame40.jpg,0
Data/Training/Frames/WolvesManCity122719Hframe172.jpg,1
Data/Training/Frames/Full/WolvesManCity122719frame570.jpg,0
Data/Training/Frames/WolvesManCity122719Hframe153.jpg,1
Data/Training/Frames/Full/WolvesManCity122719frame30.jpg,0
Data/Training/Frames/Full/WolvesManCity122719frame331.jpg,0
Data/Training/Frames/WolvesManCity122719Hframe482.jpg,1
Data/Training/Frames/WolvesManCity122719Hframe126.jpg,1
Data/Training/Frames/WolvesManCity122719Hframe570.jpg,1
Data/Training/Frames/Full/WolvesManCity122719frame56.jpg,0
Data/Training/Frames/Full/WolvesManCity122719frame318.jpg,0
Data/Training/Frames/WolvesManCity122719Hframe340.jpg,1
Data/Training/Frames/WolvesManCity122719Hframe483.jpg,1
Data/Training/Frames/Full/WolvesManCity122719frame98.jpg,0
Data/Training/Frames/WolvesManCity122719Hframe51.jpg,1
Data/Training/Frames/Full/WolvesManCity122719frame615.jpg,0
Data/Training/Frames/Full/WolvesManCity122719frame273.jpg,0
Data/Training/Frames/WolvesManCity122719Hframe585.jpg,1
Data/Training/Frames/WolvesManCity122719Hframe349.jpg,1
Data/Training/Frames/WolvesManCity122719Hframe182.jpg,1
Data/Training/Frames/WolvesManCity122719Hframe231.jpg,1
Data/Training/Frames/WolvesManCity122719Hframe467.jpg,1
Data/Training/Frames/WolvesManCity122719Hframe671.jpg,1
Data/Training/Frames/Full/WolvesManCity122719frame427.jpg,0
Data/Training/Frames/WolvesManCity122719Hframe560.jpg,1
Data/Training/Frames/Full/WolvesManCity122719frame350.jpg,0
Data/Training/Frames/Full/WolvesManCity122719frame655.jpg,0
Data/Training/Frames/WolvesManCity122719Hframe490.jpg,1
Data/Training/Frames/WolvesManCity122719Hframe444.jpg,1
Data/Training/Frames/WolvesManCity122719Hframe25.jpg,1
Data/Training/Frames/Full/WolvesManCity122719frame548.jpg,0
Data/Training/Frames/Full/WolvesManCity122719frame441.jpg,0
Data/Training/Frames/WolvesManCity122719Hframe435.jpg,1
Data/Training/Frames/Full/WolvesManCity122719frame348.jpg,0
Data/Training/Frames/Full/WolvesManCity122719frame275.jpg,0
Data/Training/Frames/Full/WolvesManCity122719frame339.jpg,0
Data/Training/Frames/WolvesManCity122719Hframe301.jpg,1
Data/Training/Frames/WolvesManCity122719Hframe221.jpg,1
Data/Training/Frames/WolvesManCity122719Hframe577.jpg,1
Data/Training/Frames/WolvesManCity122719Hframe308.jpg,1
Data/Training/Frames/Full/WolvesManCity122719frame373.jpg,0
Data/Training/Frames/WolvesManCity122719Hframe384.jpg,1
Data/Training/Frames/WolvesManCity122719Hframe624.jpg,1
Data/Training/Frames/Full/WolvesManCity122719frame11.jpg,0
Data/Training/Frames/WolvesManCity122719Hframe526.jpg,1
Data/Training/Frames/WolvesManCity122719Hframe689.jpg,1
Data/Training/Frames/WolvesManCity122719Hframe214.jpg,1
Data/Training/Frames/WolvesManCity122719Hframe378.jpg,1
Data/Training/Frames/WolvesManCity122719Hframe596.jpg,1
Data/Training/Frames/Full/WolvesManCity122719frame483.jpg,0
Data/Training/Frames/WolvesManCity122719Hframe92.jpg,1
Data/Training/Frames/WolvesManCity122719Hframe19.jpg,1
Data/Training/Frames/WolvesManCity122719Hframe699.jpg,1
Data/Training/Frames/Full/WolvesManCity122719frame48.jpg,0
Data/Training/Frames/WolvesManCity122719Hframe555.jpg,1
Data/Training/Frames/Full/WolvesManCity122719frame107.jpg,0
Data/Training/Frames/Full/WolvesManCity122719frame683.jpg,0
Data/Training/Frames/Full/WolvesManCity122719frame518.jpg,0
Data/Training/Frames/Full/WolvesManCity122719frame634.jpg,0
Data/Training/Frames/WolvesManCity122719Hframe493.jpg,1
Data/Training/Frames/Full/WolvesManCity122719frame2.jpg,0
Data/Training/Frames/WolvesManCity122719Hframe284.jpg,1
Data/Training/Frames/WolvesManCity122719Hframe323.jpg,1
Data/Training/Frames/WolvesManCity122719Hframe219.jpg,1
Data/Training/Frames/WolvesManCity122719Hframe60.jpg,1
Data/Training/Frames/Full/WolvesManCity122719frame181.jpg,0
Data/Training/Frames/WolvesManCity122719Hframe532.jpg,1
Data/Training/Frames/WolvesManCity122719Hframe399.jpg,1
Data/Training/Frames/WolvesManCity122719Hframe587.jpg,1
Data/Training/Frames/WolvesManCity122719Hframe475.jpg,1
Data/Training/Frames/WolvesManCity122719Hframe169.jpg,1
Data/Training/Frames/WolvesManCity122719Hframe224.jpg,1
Data/Training/Frames/Full/WolvesManCity122719frame212.jpg,0
Data/Training/Frames/WolvesManCity122719Hframe710.jpg,1
Data/Training/Frames/Full/WolvesManCity122719frame692.jpg,0
Data/Training/Frames/WolvesManCity122719Hframe618.jpg,1
Data/Training/Frames/WolvesManCity122719Hframe157.jpg,1
Data/Training/Frames/WolvesManCity122719Hframe236.jpg,1
Data/Training/Frames/WolvesManCity122719Hframe5.jpg,1
Data/Training/Frames/WolvesManCity122719Hframe644.jpg,1
Data/Training/Frames/WolvesManCity122719Hframe712.jpg,1
Data/Training/Frames/Full/WolvesManCity122719frame378.jpg,0
Data/Training/Frames/WolvesManCity122719Hframe226.jpg,1
Data/Training/Frames/Full/WolvesManCity122719frame577.jpg,0
Data/Training/Frames/WolvesManCity122719Hframe389.jpg,1
Data/Training/Frames/Full/WolvesManCity122719frame45.jpg,0
Data/Training/Frames/WolvesManCity122719Hframe520.jpg,1
Data/Training/Frames/Full/WolvesManCity122719frame424.jpg,0
Data/Training/Frames/WolvesManCity122719Hframe355.jpg,1
Data/Training/Frames/WolvesManCity122719Hframe99.jpg,1
Data/Training/Frames/Full/WolvesManCity122719frame547.jpg,0
Data/Training/Frames/WolvesManCity122719Hframe277.jpg,1
Data/Training/Frames/WolvesManCity122719Hframe514.jpg,1
Data/Training/Frames/WolvesManCity122719Hframe105.jpg,1
Data/Training/Frames/WolvesManCity122719Hframe154.jpg,1
Data/Training/Frames/Full/WolvesManCity122719frame484.jpg,0
Data/Training/Frames/Full/WolvesManCity122719frame29.jpg,0
Data/Training/Frames/Full/WolvesManCity122719frame323.jpg,0
Data/Training/Frames/WolvesManCity122719Hframe21.jpg,1
Data/Training/Frames/WolvesManCity122719Hframe319.jpg,1
Data/Training/Frames/WolvesManCity122719Hframe706.jpg,1
Data/Training/Frames/WolvesManCity122719Hframe342.jpg,1
Data/Training/Frames/WolvesManCity122719Hframe692.jpg,1
Data/Training/Frames/Full/WolvesManCity122719frame186.jpg,0
Data/Training/Frames/WolvesManCity122719Hframe112.jpg,1
Data/Training/Frames/WolvesManCity122719Hframe174.jpg,1
Data/Training/Frames/WolvesManCity122719Hframe331.jpg,1
Data/Training/Frames/WolvesManCity122719Hframe666.jpg,1
Data/Training/Frames/WolvesManCity122719Hframe20.jpg,1
Data/Training/Frames/Full/WolvesManCity122719frame207.jpg,0
Data/Training/Frames/WolvesManCity122719Hframe188.jpg,1
Data/Training/Frames/WolvesManCity122719Hframe538.jpg,1
Data/Training/Frames/Full/WolvesManCity122719frame467.jpg,0
Data/Training/Frames/Full/WolvesManCity122719frame340.jpg,0
Data/Training/Frames/Full/WolvesManCity122719frame194.jpg,0
Data/Training/Frames/WolvesManCity122719Hframe626.jpg,1
Data/Training/Frames/Full/WolvesManCity122719frame51.jpg,0
Data/Training/Frames/WolvesManCity122719Hframe207.jpg,1
Data/Training/Frames/Full/WolvesManCity122719frame20.jpg,0
Data/Training/Frames/Full/WolvesManCity122719frame330.jpg,0
Data/Training/Frames/WolvesManCity122719Hframe387.jpg,1
Data/Training/Frames/Full/WolvesManCity122719frame22.jpg,0
Data/Training/Frames/WolvesManCity122719Hframe534.jpg,1
Data/Training/Frames/WolvesManCity122719Hframe564.jpg,1
Data/Training/Frames/WolvesManCity122719Hframe663.jpg,1
Data/Training/Frames/WolvesManCity122719Hframe291.jpg,1
Data/Training/Frames/WolvesManCity122719Hframe451.jpg,1
Data/Training/Frames/WolvesManCity122719Hframe271.jpg,1
Data/Training/Frames/WolvesManCity122719Hframe117.jpg,1
Data/Training/Frames/Full/WolvesManCity122719frame574.jpg,0
Data/Training/Frames/WolvesManCity122719Hframe676.jpg,1
Data/Training/Frames/Full/WolvesManCity122719frame17.jpg,0
Data/Training/Frames/WolvesManCity122719Hframe424.jpg,1
Data/Training/Frames/WolvesManCity122719Hframe510.jpg,1
Data/Training/Frames/WolvesManCity122719Hframe650.jpg,1
Data/Training/Frames/WolvesManCity122719Hframe258.jpg,1
Data/Training/Frames/WolvesManCity122719Hframe457.jpg,1
Data/Training/Frames/WolvesManCity122719Hframe595.jpg,1
Data/Training/Frames/WolvesManCity122719Hframe206.jpg,1
Data/Training/Frames/Full/WolvesManCity122719frame173.jpg,0
Data/Training/Frames/WolvesManCity122719Hframe511.jpg,1
Data/Training/Frames/Full/WolvesManCity122719frame269.jpg,0
Data/Training/Frames/Full/WolvesManCity122719frame529.jpg,0
Data/Training/Frames/WolvesManCity122719Hframe576.jpg,1
Data/Training/Frames/WolvesManCity122719Hframe542.jpg,1
Data/Training/Frames/WolvesManCity122719Hframe569.jpg,1
Data/Training/Frames/Full/WolvesManCity122719frame149.jpg,0
Data/Training/Frames/Full/WolvesManCity122719frame183.jpg,0
Data/Training/Frames/WolvesManCity122719Hframe288.jpg,1
Data/Training/Frames/Full/WolvesManCity122719frame399.jpg,0
Data/Training/Frames/Full/WolvesManCity122719frame653.jpg,0
Data/Training/Frames/WolvesManCity122719Hframe662.jpg,1
Data/Training/Frames/Full/WolvesManCity122719frame590.jpg,0
Data/Training/Frames/Full/WolvesManCity122719frame180.jpg,0
Data/Training/Frames/Full/WolvesManCity122719frame73.jpg,0
Data/Training/Frames/WolvesManCity122719Hframe439.jpg,1
Data/Training/Frames/Full/WolvesManCity122719frame695.jpg,0
Data/Training/Frames/WolvesManCity122719Hframe313.jpg,1
Data/Training/Frames/Full/WolvesManCity122719frame685.jpg,0
Data/Training/Frames/Full/WolvesManCity122719frame515.jpg,0
Data/Training/Frames/Full/WolvesManCity122719frame601.jpg,0
Data/Training/Frames/WolvesManCity122719Hframe717.jpg,1
Data/Training/Frames/Full/WolvesManCity122719frame654.jpg,0
Data/Training/Frames/WolvesManCity122719Hframe208.jpg,1
Data/Training/Frames/WolvesManCity122719Hframe700.jpg,1
Data/Training/Frames/Full/WolvesManCity122719frame288.jpg,0
Data/Training/Frames/Full/WolvesManCity122719frame159.jpg,0
Data/Training/Frames/Full/WolvesManCity122719frame338.jpg,0
Data/Training/Frames/Full/WolvesManCity122719frame468.jpg,0
Data/Training/Frames/WolvesManCity122719Hframe550.jpg,1
Data/Training/Frames/WolvesManCity122719Hframe322.jpg,1
Data/Training/Frames/Full/WolvesManCity122719frame652.jpg,0
Data/Training/Frames/WolvesManCity122719Hframe487.jpg,1
Data/Training/Frames/Full/WolvesManCity122719frame649.jpg,0
Data/Training/Frames/Full/WolvesManCity122719frame37.jpg,0
Data/Training/Frames/WolvesManCity122719Hframe79.jpg,1
Data/Training/Frames/WolvesManCity122719Hframe78.jpg,1
Data/Training/Frames/Full/WolvesManCity122719frame324.jpg,0
Data/Training/Frames/Full/WolvesManCity122719frame676.jpg,0
Data/Training/Frames/Full/WolvesManCity122719frame613.jpg,0
Data/Training/Frames/Full/WolvesManCity122719frame602.jpg,0
Data/Training/Frames/Full/WolvesManCity122719frame702.jpg,0
Data/Training/Frames/WolvesManCity122719Hframe591.jpg,1
Data/Training/Frames/Full/WolvesManCity122719frame83.jpg,0
Data/Training/Frames/WolvesManCity122719Hframe237.jpg,1
Data/Training/Frames/Full/WolvesManCity122719frame600.jpg,0
Data/Training/Frames/Full/WolvesManCity122719frame661.jpg,0
Data/Training/Frames/Full/WolvesManCity122719frame168.jpg,0
Data/Training/Frames/WolvesManCity122719Hframe592.jpg,1
Data/Training/Frames/Full/WolvesManCity122719frame415.jpg,0
Data/Training/Frames/WolvesManCity122719Hframe189.jpg,1
Data/Training/Frames/Full/WolvesManCity122719frame360.jpg,0
Data/Training/Frames/Full/WolvesManCity122719frame218.jpg,0
Data/Training/Frames/Full/WolvesManCity122719frame322.jpg,0
Data/Training/Frames/WolvesManCity122719Hframe645.jpg,1
Data/Training/Frames/Full/WolvesManCity122719frame456.jpg,0
Data/Training/Frames/Full/WolvesManCity122719frame598.jpg,0
Data/Training/Frames/Full/WolvesManCity122719frame42.jpg,0
Data/Training/Frames/Full/WolvesManCity122719frame321.jpg,0
Data/Training/Frames/WolvesManCity122719Hframe567.jpg,1
Data/Training/Frames/WolvesManCity122719Hframe295.jpg,1
Data/Training/Frames/Full/WolvesManCity122719frame92.jpg,0
Data/Training/Frames/WolvesManCity122719Hframe222.jpg,1
Data/Training/Frames/Full/WolvesManCity122719frame258.jpg,0
Data/Training/Frames/WolvesManCity122719Hframe497.jpg,1
Data/Training/Frames/WolvesManCity122719Hframe211.jpg,1
Data/Training/Frames/WolvesManCity122719Hframe44.jpg,1
Data/Training/Frames/WolvesManCity122719Hframe205.jpg,1
Data/Training/Frames/Full/WolvesManCity122719frame523.jpg,0
Data/Training/Frames/Full/WolvesManCity122719frame712.jpg,0
Data/Training/Frames/Full/WolvesManCity122719frame426.jpg,0
Data/Training/Frames/WolvesManCity122719Hframe262.jpg,1
Data/Training/Frames/Full/WolvesManCity122719frame25.jpg,0
Data/Training/Frames/Full/WolvesManCity122719frame140.jpg,0
Data/Training/Frames/Full/WolvesManCity122719frame715.jpg,0
Data/Training/Frames/WolvesManCity122719Hframe104.jpg,1
Data/Training/Frames/Full/WolvesManCity122719frame633.jpg,0
Data/Training/Frames/WolvesManCity122719Hframe299.jpg,1
Data/Training/Frames/WolvesManCity122719Hframe586.jpg,1
Data/Training/Frames/Full/WolvesManCity122719frame528.jpg,0
Data/Training/Frames/Full/WolvesManCity122719frame416.jpg,0
Data/Training/Frames/Full/WolvesManCity122719frame71.jpg,0
Data/Training/Frames/WolvesManCity122719Hframe537.jpg,1
Data/Training/Frames/WolvesManCity122719Hframe612.jpg,1
Data/Training/Frames/Full/WolvesManCity122719frame229.jpg,0
Data/Training/Frames/WolvesManCity122719Hframe422.jpg,1
Data/Training/Frames/WolvesManCity122719Hframe654.jpg,1
Data/Training/Frames/Full/WolvesManCity122719frame398.jpg,0
Data/Training/Frames/Full/WolvesManCity122719frame599.jpg,0
Data/Training/Frames/WolvesManCity122719Hframe649.jpg,1
Data/Training/Frames/Full/WolvesManCity122719frame396.jpg,0
Data/Training/Frames/Full/WolvesManCity122719frame564.jpg,0
Data/Training/Frames/Full/WolvesManCity122719frame88.jpg,0
Data/Training/Frames/Full/WolvesManCity122719frame710.jpg,0
Data/Training/Frames/Full/WolvesManCity122719frame371.jpg,0
Data/Training/Frames/Full/WolvesManCity122719frame335.jpg,0
Data/Training/Frames/Full/WolvesManCity122719frame693.jpg,0
Data/Training/Frames/WolvesManCity122719Hframe488.jpg,1
Data/Training/Frames/Full/WolvesManCity122719frame54.jpg,0
Data/Training/Frames/WolvesManCity122719Hframe118.jpg,1
Data/Training/Frames/Full/WolvesManCity122719frame81.jpg,0
Data/Training/Frames/WolvesManCity122719Hframe114.jpg,1
Data/Training/Frames/WolvesManCity122719Hframe64.jpg,1
Data/Training/Frames/WolvesManCity122719Hframe478.jpg,1
Data/Training/Frames/Full/WolvesManCity122719frame235.jpg,0
Data/Training/Frames/WolvesManCity122719Hframe395.jpg,1
Data/Training/Frames/WolvesManCity122719Hframe600.jpg,1
Data/Training/Frames/Full/WolvesManCity122719frame21.jpg,0
Data/Training/Frames/WolvesManCity122719Hframe170.jpg,1
Data/Training/Frames/WolvesManCity122719Hframe568.jpg,1
Data/Training/Frames/Full/WolvesManCity122719frame472.jpg,0
Data/Training/Frames/WolvesManCity122719Hframe345.jpg,1
Data/Training/Frames/WolvesManCity122719Hframe703.jpg,1
Data/Training/Frames/WolvesManCity122719Hframe578.jpg,1
Data/Training/Frames/WolvesManCity122719Hframe91.jpg,1
Data/Training/Frames/WolvesManCity122719Hframe426.jpg,1
Data/Training/Frames/WolvesManCity122719Hframe173.jpg,1
Data/Training/Frames/Full/WolvesManCity122719frame313.jpg,0
Data/Training/Frames/WolvesManCity122719Hframe685.jpg,1
Data/Training/Frames/WolvesManCity122719Hframe440.jpg,1
Data/Training/Frames/Full/WolvesManCity122719frame505.jpg,0
Data/Training/Frames/Full/WolvesManCity122719frame156.jpg,0
Data/Training/Frames/Full/WolvesManCity122719frame289.jpg,0
Data/Training/Frames/Full/WolvesManCity122719frame357.jpg,0
Data/Training/Frames/Full/WolvesManCity122719frame464.jpg,0
Data/Training/Frames/Full/WolvesManCity122719frame551.jpg,0
Data/Training/Frames/Full/WolvesManCity122719frame366.jpg,0
Data/Training/Frames/Full/WolvesManCity122719frame197.jpg,0
Data/Training/Frames/WolvesManCity122719Hframe107.jpg,1
Data/Training/Frames/Full/WolvesManCity122719frame383.jpg,0
Data/Training/Frames/Full/WolvesManCity122719frame105.jpg,0
Data/Training/Frames/WolvesManCity122719Hframe633.jpg,1
Data/Training/Frames/Full/WolvesManCity122719frame74.jpg,0
Data/Training/Frames/WolvesManCity122719Hframe133.jpg,1
Data/Training/Frames/Full/WolvesManCity122719frame562.jpg,0
Data/Training/Frames/WolvesManCity122719Hframe680.jpg,1
Data/Training/Frames/Full/WolvesManCity122719frame118.jpg,0
Data/Training/Frames/Full/WolvesManCity122719frame495.jpg,0
Data/Training/Frames/Full/WolvesManCity122719frame660.jpg,0
Data/Training/Frames/Full/WolvesManCity122719frame306.jpg,0
Data/Training/Frames/Full/WolvesManCity122719frame612.jpg,0
Data/Training/Frames/Full/WolvesManCity122719frame721.jpg,0
Data/Training/Frames/WolvesManCity122719Hframe566.jpg,1
Data/Training/Frames/WolvesManCity122719Hframe27.jpg,1
Data/Training/Frames/WolvesManCity122719Hframe573.jpg,1
Data/Training/Frames/Full/WolvesManCity122719frame388.jpg,0
Data/Training/Frames/Full/WolvesManCity122719frame394.jpg,0
Data/Training/Frames/Full/WolvesManCity122719frame582.jpg,0
Data/Training/Frames/Full/WolvesManCity122719frame15.jpg,0
Data/Training/Frames/WolvesManCity122719Hframe499.jpg,1
Data/Training/Frames/WolvesManCity122719Hframe127.jpg,1
Data/Training/Frames/Full/WolvesManCity122719frame137.jpg,0
Data/Training/Frames/Full/WolvesManCity122719frame96.jpg,0
Data/Training/Frames/WolvesManCity122719Hframe183.jpg,1
Data/Training/Frames/WolvesManCity122719Hframe280.jpg,1
Data/Training/Frames/Full/WolvesManCity122719frame451.jpg,0
Data/Training/Frames/WolvesManCity122719Hframe407.jpg,1
Data/Training/Frames/WolvesManCity122719Hframe405.jpg,1
Data/Training/Frames/WolvesManCity122719Hframe164.jpg,1
Data/Training/Frames/Full/WolvesManCity122719frame297.jpg,0
Data/Training/Frames/WolvesManCity122719Hframe190.jpg,1
Data/Training/Frames/Full/WolvesManCity122719frame296.jpg,0
Data/Training/Frames/Full/WolvesManCity122719frame216.jpg,0
Data/Training/Frames/Full/WolvesManCity122719frame75.jpg,0
Data/Training/Frames/Full/WolvesManCity122719frame250.jpg,0
Data/Training/Frames/WolvesManCity122719Hframe433.jpg,1
Data/Training/Frames/Full/WolvesManCity122719frame686.jpg,0
Data/Training/Frames/Full/WolvesManCity122719frame580.jpg,0
Data/Training/Frames/WolvesManCity122719Hframe253.jpg,1
Data/Training/Frames/WolvesManCity122719Hframe194.jpg,1
Data/Training/Frames/Full/WolvesManCity122719frame442.jpg,0
Data/Training/Frames/WolvesManCity122719Hframe693.jpg,1
Data/Training/Frames/WolvesManCity122719Hframe525.jpg,1
Data/Training/Frames/WolvesManCity122719Hframe67.jpg,1
Data/Training/Frames/WolvesManCity122719Hframe504.jpg,1
Data/Training/Frames/WolvesManCity122719Hframe181.jpg,1
Data/Training/Frames/Full/WolvesManCity122719frame170.jpg,0
Data/Training/Frames/WolvesManCity122719Hframe185.jpg,1
Data/Training/Frames/Full/WolvesManCity122719frame325.jpg,0
Data/Training/Frames/WolvesManCity122719Hframe199.jpg,1
Data/Training/Frames/WolvesManCity122719Hframe350.jpg,1
Data/Training/Frames/WolvesManCity122719Hframe113.jpg,1
Data/Training/Frames/Full/WolvesManCity122719frame593.jpg,0
Data/Training/Frames/Full/WolvesManCity122719frame182.jpg,0
Data/Training/Frames/WolvesManCity122719Hframe17.jpg,1
Data/Training/Frames/Full/WolvesManCity122719frame163.jpg,0
Data/Training/Frames/Full/WolvesManCity122719frame458.jpg,0
Data/Training/Frames/WolvesManCity122719Hframe335.jpg,1
Data/Training/Frames/Full/WolvesManCity122719frame501.jpg,0
Data/Training/Frames/Full/WolvesManCity122719frame632.jpg,0
Data/Training/Frames/WolvesManCity122719Hframe186.jpg,1
Data/Training/Frames/WolvesManCity122719Hframe180.jpg,1
Data/Training/Frames/WolvesManCity122719Hframe507.jpg,1
Data/Training/Frames/WolvesManCity122719Hframe108.jpg,1
Data/Training/Frames/WolvesManCity122719Hframe279.jpg,1
Data/Training/Frames/Full/WolvesManCity122719frame689.jpg,0
Data/Training/Frames/Full/WolvesManCity122719frame41.jpg,0
Data/Training/Frames/WolvesManCity122719Hframe13.jpg,1
Data/Training/Frames/Full/WolvesManCity122719frame316.jpg,0
Data/Training/Frames/Full/WolvesManCity122719frame13.jpg,0
Data/Training/Frames/WolvesManCity122719Hframe437.jpg,1
Data/Training/Frames/WolvesManCity122719Hframe75.jpg,1
Data/Training/Frames/Full/WolvesManCity122719frame263.jpg,0
Data/Training/Frames/WolvesManCity122719Hframe522.jpg,1
Data/Training/Frames/WolvesManCity122719Hframe63.jpg,1
Data/Training/Frames/WolvesManCity122719Hframe513.jpg,1
Data/Training/Frames/Full/WolvesManCity122719frame148.jpg,0
Data/Training/Frames/WolvesManCity122719Hframe33.jpg,1
Data/Training/Frames/Full/WolvesManCity122719frame610.jpg,0
Data/Training/Frames/WolvesManCity122719Hframe68.jpg,1
Data/Training/Frames/Full/WolvesManCity122719frame189.jpg,0
Data/Training/Frames/WolvesManCity122719Hframe713.jpg,1
Data/Training/Frames/WolvesManCity122719Hframe158.jpg,1
Data/Training/Frames/WolvesManCity122719Hframe209.jpg,1
Data/Training/Frames/Full/WolvesManCity122719frame376.jpg,0
Data/Training/Frames/WolvesManCity122719Hframe178.jpg,1
Data/Training/Frames/Full/WolvesManCity122719frame488.jpg,0
Data/Training/Frames/WolvesManCity122719Hframe672.jpg,1
Data/Training/Frames/Full/WolvesManCity122719frame390.jpg,0
Data/Training/Frames/WolvesManCity122719Hframe580.jpg,1
Data/Training/Frames/Full/WolvesManCity122719frame31.jpg,0
Data/Training/Frames/Full/WolvesManCity122719frame684.jpg,0
Data/Training/Frames/Full/WolvesManCity122719frame120.jpg,0
Data/Training/Frames/Full/WolvesManCity122719frame698.jpg,0
Data/Training/Frames/Full/WolvesManCity122719frame214.jpg,0
Data/Training/Frames/Full/WolvesManCity122719frame95.jpg,0
Data/Training/Frames/Full/WolvesManCity122719frame603.jpg,0
Data/Training/Frames/Full/WolvesManCity122719frame639.jpg,0
Data/Training/Frames/WolvesManCity122719Hframe557.jpg,1
Data/Training/Frames/Full/WolvesManCity122719frame190.jpg,0
Data/Training/Frames/WolvesManCity122719Hframe9.jpg,1
Data/Training/Frames/WolvesManCity122719Hframe498.jpg,1
Data/Training/Frames/Full/WolvesManCity122719frame432.jpg,0
Data/Training/Frames/WolvesManCity122719Hframe678.jpg,1
Data/Training/Frames/WolvesManCity122719Hframe297.jpg,1
Data/Training/Frames/WolvesManCity122719Hframe191.jpg,1
Data/Training/Frames/Full/WolvesManCity122719frame665.jpg,0
Data/Training/Frames/WolvesManCity122719Hframe165.jpg,1
Data/Training/Frames/WolvesManCity122719Hframe229.jpg,1
Data/Training/Frames/Full/WolvesManCity122719frame199.jpg,0
Data/Training/Frames/Full/WolvesManCity122719frame718.jpg,0
Data/Training/Frames/WolvesManCity122719Hframe232.jpg,1
Data/Training/Frames/Full/WolvesManCity122719frame361.jpg,0
Data/Training/Frames/WolvesManCity122719Hframe627.jpg,1
Data/Training/Frames/Full/WolvesManCity122719frame50.jpg,0
Data/Training/Frames/WolvesManCity122719Hframe95.jpg,1
Data/Training/Frames/WolvesManCity122719Hframe344.jpg,1
Data/Training/Frames/Full/WolvesManCity122719frame550.jpg,0
Data/Training/Frames/Full/WolvesManCity122719frame677.jpg,0
Data/Training/Frames/WolvesManCity122719Hframe318.jpg,1
Data/Training/Frames/Full/WolvesManCity122719frame474.jpg,0
Data/Training/Frames/Full/WolvesManCity122719frame274.jpg,0
Data/Training/Frames/Full/WolvesManCity122719frame341.jpg,0
Data/Training/Frames/Full/WolvesManCity122719frame540.jpg,0
Data/Training/Frames/Full/WolvesManCity122719frame1.jpg,0
Data/Training/Frames/Full/WolvesManCity122719frame716.jpg,0
Data/Training/Frames/Full/WolvesManCity122719frame237.jpg,0
Data/Training/Frames/Full/WolvesManCity122719frame222.jpg,0
Data/Training/Frames/Full/WolvesManCity122719frame674.jpg,0
Data/Training/Frames/WolvesManCity122719Hframe152.jpg,1
Data/Training/Frames/WolvesManCity122719Hframe252.jpg,1
Data/Training/Frames/WolvesManCity122719Hframe470.jpg,1
Data/Training/Frames/Full/WolvesManCity122719frame509.jpg,0
Data/Training/Frames/WolvesManCity122719Hframe124.jpg,1
Data/Training/Frames/WolvesManCity122719Hframe235.jpg,1
Data/Training/Frames/Full/WolvesManCity122719frame434.jpg,0
Data/Training/Frames/Full/WolvesManCity122719frame507.jpg,0
Data/Training/Frames/Full/WolvesManCity122719frame475.jpg,0
Data/Training/Frames/WolvesManCity122719Hframe216.jpg,1
Data/Training/Frames/Full/WolvesManCity122719frame629.jpg,0
Data/Training/Frames/Full/WolvesManCity122719frame678.jpg,0
Data/Training/Frames/WolvesManCity122719Hframe84.jpg,1
Data/Training/Frames/WolvesManCity122719Hframe432.jpg,1
Data/Training/Frames/Full/WolvesManCity122719frame403.jpg,0
Data/Training/Frames/Full/WolvesManCity122719frame169.jpg,0
Data/Training/Frames/WolvesManCity122719Hframe333.jpg,1
Data/Training/Frames/WolvesManCity122719Hframe690.jpg,1
Data/Training/Frames/WolvesManCity122719Hframe541.jpg,1
Data/Training/Frames/WolvesManCity122719Hframe423.jpg,1
Data/Training/Frames/WolvesManCity122719Hframe101.jpg,1
Data/Training/Frames/WolvesManCity122719Hframe155.jpg,1
Data/Training/Frames/Full/WolvesManCity122719frame153.jpg,0
Data/Training/Frames/Full/WolvesManCity122719frame455.jpg,0
Data/Training/Frames/Full/WolvesManCity122719frame522.jpg,0
Data/Training/Frames/Full/WolvesManCity122719frame568.jpg,0
Data/Training/Frames/Full/WolvesManCity122719frame133.jpg,0
Data/Training/Frames/WolvesManCity122719Hframe89.jpg,1
Data/Training/Frames/WolvesManCity122719Hframe509.jpg,1
Data/Training/Frames/WolvesManCity122719Hframe201.jpg,1
Data/Training/Frames/WolvesManCity122719Hframe338.jpg,1
Data/Training/Frames/Full/WolvesManCity122719frame285.jpg,0
Data/Training/Frames/WolvesManCity122719Hframe202.jpg,1
Data/Training/Frames/Full/WolvesManCity122719frame243.jpg,0
Data/Training/Frames/WolvesManCity122719Hframe151.jpg,1
Data/Training/Frames/WolvesManCity122719Hframe383.jpg,1
Data/Training/Frames/Full/WolvesManCity122719frame592.jpg,0
Data/Training/Frames/WolvesManCity122719Hframe65.jpg,1
Data/Training/Frames/WolvesManCity122719Hframe447.jpg,1
Data/Training/Frames/Full/WolvesManCity122719frame650.jpg,0
Data/Training/Frames/Full/WolvesManCity122719frame311.jpg,0
Data/Training/Frames/WolvesManCity122719Hframe98.jpg,1
Data/Training/Frames/WolvesManCity122719Hframe192.jpg,1
Data/Training/Frames/WolvesManCity122719Hframe35.jpg,1
Data/Training/Frames/WolvesManCity122719Hframe130.jpg,1
Data/Training/Frames/Full/WolvesManCity122719frame158.jpg,0
Data/Training/Frames/Full/WolvesManCity122719frame70.jpg,0
Data/Training/Frames/WolvesManCity122719Hframe631.jpg,1
Data/Training/Frames/Full/WolvesManCity122719frame242.jpg,0
Data/Training/Frames/WolvesManCity122719Hframe544.jpg,1
Data/Training/Frames/Full/WolvesManCity122719frame367.jpg,0
Data/Training/Frames/Full/WolvesManCity122719frame192.jpg,0
Data/Training/Frames/Full/WolvesManCity122719frame382.jpg,0
Data/Training/Frames/Full/WolvesManCity122719frame85.jpg,0
Data/Training/Frames/Full/WolvesManCity122719frame504.jpg,0
Data/Training/Frames/Full/WolvesManCity122719frame208.jpg,0
Data/Training/Frames/WolvesManCity122719Hframe539.jpg,1
Data/Training/Frames/Full/WolvesManCity122719frame454.jpg,0
Data/Training/Frames/WolvesManCity122719Hframe691.jpg,1
Data/Training/Frames/WolvesManCity122719Hframe609.jpg,1
Data/Training/Frames/Full/WolvesManCity122719frame97.jpg,0
Data/Training/Frames/Full/WolvesManCity122719frame372.jpg,0
Data/Training/Frames/WolvesManCity122719Hframe584.jpg,1
Data/Training/Frames/Full/WolvesManCity122719frame290.jpg,0
Data/Training/Frames/WolvesManCity122719Hframe442.jpg,1
Data/Training/Frames/WolvesManCity122719Hframe695.jpg,1
Data/Training/Frames/WolvesManCity122719Hframe54.jpg,1
Data/Training/Frames/WolvesManCity122719Hframe408.jpg,1
Data/Training/Frames/Full/WolvesManCity122719frame387.jpg,0
Data/Training/Frames/WolvesManCity122719Hframe619.jpg,1
Data/Training/Frames/Full/WolvesManCity122719frame700.jpg,0
Data/Training/Frames/Full/WolvesManCity122719frame248.jpg,0
Data/Training/Frames/WolvesManCity122719Hframe602.jpg,1
Data/Training/Frames/Full/WolvesManCity122719frame617.jpg,0
Data/Training/Frames/WolvesManCity122719Hframe688.jpg,1
Data/Training/Frames/Full/WolvesManCity122719frame266.jpg,0
Data/Training/Frames/WolvesManCity122719Hframe607.jpg,1
Data/Training/Frames/WolvesManCity122719Hframe415.jpg,1
Data/Training/Frames/WolvesManCity122719Hframe3.jpg,1
Data/Training/Frames/Full/WolvesManCity122719frame402.jpg,0
Data/Training/Frames/Full/WolvesManCity122719frame82.jpg,0
Data/Training/Frames/Full/WolvesManCity122719frame368.jpg,0
Data/Training/Frames/WolvesManCity122719Hframe302.jpg,1
Data/Training/Frames/Full/WolvesManCity122719frame303.jpg,0
Data/Training/Frames/Full/WolvesManCity122719frame145.jpg,0
Data/Training/Frames/Full/WolvesManCity122719frame512.jpg,0
Data/Training/Frames/Full/WolvesManCity122719frame605.jpg,0
Data/Training/Frames/Full/WolvesManCity122719frame566.jpg,0
Data/Training/Frames/WolvesManCity122719Hframe225.jpg,1
Data/Training/Frames/WolvesManCity122719Hframe356.jpg,1
Data/Training/Frames/Full/WolvesManCity122719frame714.jpg,0
Data/Training/Frames/WolvesManCity122719Hframe260.jpg,1
Data/Training/Frames/WolvesManCity122719Hframe123.jpg,1
Data/Training/Frames/Full/WolvesManCity122719frame609.jpg,0
Data/Training/Frames/Full/WolvesManCity122719frame167.jpg,0
Data/Training/Frames/WolvesManCity122719Hframe449.jpg,1
Data/Training/Frames/Full/WolvesManCity122719frame643.jpg,0
Data/Training/Frames/WolvesManCity122719Hframe145.jpg,1
Data/Training/Frames/WolvesManCity122719Hframe425.jpg,1
Data/Training/Frames/WolvesManCity122719Hframe265.jpg,1
Data/Training/Frames/Full/WolvesManCity122719frame39.jpg,0
Data/Training/Frames/WolvesManCity122719Hframe354.jpg,1
Data/Training/Frames/WolvesManCity122719Hframe481.jpg,1
Data/Training/Frames/Full/WolvesManCity122719frame284.jpg,0
Data/Training/Frames/WolvesManCity122719Hframe489.jpg,1
Data/Training/Frames/WolvesManCity122719Hframe337.jpg,1
Data/Training/Frames/Full/WolvesManCity122719frame142.jpg,0
Data/Training/Frames/Full/WolvesManCity122719frame508.jpg,0
Data/Training/Frames/Full/WolvesManCity122719frame113.jpg,0
Data/Training/Frames/WolvesManCity122719Hframe617.jpg,1
Data/Training/Frames/Full/WolvesManCity122719frame408.jpg,0
Data/Training/Frames/Full/WolvesManCity122719frame576.jpg,0
Data/Training/Frames/Full/WolvesManCity122719frame0.jpg,0
Data/Training/Frames/WolvesManCity122719Hframe601.jpg,1
Data/Training/Frames/WolvesManCity122719Hframe466.jpg,1
Data/Training/Frames/Full/WolvesManCity122719frame572.jpg,0
Data/Training/Frames/Full/WolvesManCity122719frame317.jpg,0
Data/Training/Frames/Full/WolvesManCity122719frame67.jpg,0
Data/Training/Frames/Full/WolvesManCity122719frame567.jpg,0
Data/Training/Frames/Full/WolvesManCity122719frame530.jpg,0
Data/Training/Frames/WolvesManCity122719Hframe223.jpg,1
Data/Training/Frames/Full/WolvesManCity122719frame487.jpg,0
Data/Training/Frames/WolvesManCity122719Hframe97.jpg,1
Data/Training/Frames/Full/WolvesManCity122719frame679.jpg,0
Data/Training/Frames/Full/WolvesManCity122719frame147.jpg,0
Data/Training/Frames/Full/WolvesManCity122719frame226.jpg,0
Data/Training/Frames/Full/WolvesManCity122719frame511.jpg,0
Data/Training/Frames/Full/WolvesManCity122719frame503.jpg,0
Data/Training/Frames/Full/WolvesManCity122719frame121.jpg,0
Data/Training/Frames/Full/WolvesManCity122719frame144.jpg,0
Data/Training/Frames/WolvesManCity122719Hframe58.jpg,1
Data/Training/Frames/Full/WolvesManCity122719frame500.jpg,0
Data/Training/Frames/Full/WolvesManCity122719frame211.jpg,0
Data/Training/Frames/Full/WolvesManCity122719frame642.jpg,0
Data/Training/Frames/WolvesManCity122719Hframe294.jpg,1
Data/Training/Frames/WolvesManCity122719Hframe390.jpg,1
Data/Training/Frames/Full/WolvesManCity122719frame526.jpg,0
Data/Training/Frames/WolvesManCity122719Hframe381.jpg,1
Data/Training/Frames/WolvesManCity122719Hframe674.jpg,1
Data/Training/Frames/Full/WolvesManCity122719frame589.jpg,0
Data/Training/Frames/Full/WolvesManCity122719frame342.jpg,0
Data/Training/Frames/Full/WolvesManCity122719frame620.jpg,0
Data/Training/Frames/Full/WolvesManCity122719frame195.jpg,0
Data/Training/Frames/WolvesManCity122719Hframe697.jpg,1
Data/Training/Frames/WolvesManCity122719Hframe23.jpg,1
Data/Training/Frames/WolvesManCity122719Hframe179.jpg,1
Data/Training/Frames/Full/WolvesManCity122719frame109.jpg,0
Data/Training/Frames/Full/WolvesManCity122719frame421.jpg,0
Data/Training/Frames/Full/WolvesManCity122719frame436.jpg,0
Data/Training/Frames/Full/WolvesManCity122719frame664.jpg,0
Data/Training/Frames/WolvesManCity122719Hframe328.jpg,1
Data/Training/Frames/WolvesManCity122719Hframe469.jpg,1
Data/Training/Frames/WolvesManCity122719Hframe684.jpg,1
Data/Training/Frames/WolvesManCity122719Hframe305.jpg,1
Data/Training/Frames/Full/WolvesManCity122719frame166.jpg,0
Data/Training/Frames/WolvesManCity122719Hframe52.jpg,1
Data/Training/Frames/WolvesManCity122719Hframe298.jpg,1
Data/Training/Frames/Full/WolvesManCity122719frame110.jpg,0
Data/Training/Frames/Full/WolvesManCity122719frame490.jpg,0
Data/Training/Frames/WolvesManCity122719Hframe374.jpg,1
Data/Training/Frames/WolvesManCity122719Hframe320.jpg,1
Data/Training/Frames/Full/WolvesManCity122719frame616.jpg,0
Data/Training/Frames/WolvesManCity122719Hframe410.jpg,1
Data/Training/Frames/WolvesManCity122719Hframe406.jpg,1
Data/Training/Frames/Full/WolvesManCity122719frame493.jpg,0
Data/Training/Frames/WolvesManCity122719Hframe22.jpg,1
Data/Training/Frames/WolvesManCity122719Hframe679.jpg,1
Data/Training/Frames/WolvesManCity122719Hframe26.jpg,1
Data/Training/Frames/Full/WolvesManCity122719frame596.jpg,0
Data/Training/Frames/Full/WolvesManCity122719frame498.jpg,0
Data/Training/Frames/Full/WolvesManCity122719frame270.jpg,0
Data/Training/Frames/WolvesManCity122719Hframe615.jpg,1
Data/Training/Frames/Full/WolvesManCity122719frame561.jpg,0
Data/Training/Frames/Full/WolvesManCity122719frame705.jpg,0
Data/Training/Frames/WolvesManCity122719Hframe708.jpg,1
Data/Training/Frames/WolvesManCity122719Hframe281.jpg,1
Data/Training/Frames/WolvesManCity122719Hframe8.jpg,1
Data/Training/Frames/WolvesManCity122719Hframe366.jpg,1
Data/Training/Frames/Full/WolvesManCity122719frame588.jpg,0
Data/Training/Frames/Full/WolvesManCity122719frame473.jpg,0
Data/Training/Frames/Full/WolvesManCity122719frame345.jpg,0
Data/Training/Frames/Full/WolvesManCity122719frame160.jpg,0
Data/Training/Frames/Full/WolvesManCity122719frame409.jpg,0
Data/Training/Frames/Full/WolvesManCity122719frame641.jpg,0
Data/Training/Frames/WolvesManCity122719Hframe96.jpg,1
Data/Training/Frames/WolvesManCity122719Hframe468.jpg,1
Data/Training/Frames/WolvesManCity122719Hframe377.jpg,1
Data/Training/Frames/Full/WolvesManCity122719frame200.jpg,0
Data/Training/Frames/Full/WolvesManCity122719frame494.jpg,0
Data/Training/Frames/WolvesManCity122719Hframe259.jpg,1
Data/Training/Frames/Full/WolvesManCity122719frame535.jpg,0
Data/Training/Frames/WolvesManCity122719Hframe40.jpg,1
Data/Training/Frames/WolvesManCity122719Hframe589.jpg,1
Data/Training/Frames/Full/WolvesManCity122719frame648.jpg,0
Data/Training/Frames/WolvesManCity122719Hframe168.jpg,1
Data/Training/Frames/WolvesManCity122719Hframe90.jpg,1
Data/Training/Frames/Full/WolvesManCity122719frame623.jpg,0
Data/Training/Frames/WolvesManCity122719Hframe373.jpg,1
Data/Training/Frames/Full/WolvesManCity122719frame127.jpg,0
Data/Training/Frames/Full/WolvesManCity122719frame236.jpg,0
Data/Training/Frames/Full/WolvesManCity122719frame719.jpg,0
Data/Training/Frames/WolvesManCity122719Hframe379.jpg,1
Data/Training/Frames/WolvesManCity122719Hframe638.jpg,1
Data/Training/Frames/WolvesManCity122719Hframe421.jpg,1
Data/Training/Frames/Full/WolvesManCity122719frame225.jpg,0
Data/Training/Frames/WolvesManCity122719Hframe719.jpg,1
Data/Training/Frames/WolvesManCity122719Hframe687.jpg,1
Data/Training/Frames/WolvesManCity122719Hframe386.jpg,1
Data/Training/Frames/Full/WolvesManCity122719frame129.jpg,0
Data/Training/Frames/Full/WolvesManCity122719frame359.jpg,0
Data/Training/Frames/WolvesManCity122719Hframe392.jpg,1
Data/Training/Frames/Full/WolvesManCity122719frame64.jpg,0
Data/Training/Frames/WolvesManCity122719Hframe474.jpg,1
Data/Training/Frames/Full/WolvesManCity122719frame60.jpg,0
Data/Training/Frames/WolvesManCity122719Hframe135.jpg,1
Data/Training/Frames/WolvesManCity122719Hframe503.jpg,1
Data/Training/Frames/Full/WolvesManCity122719frame510.jpg,0
Data/Training/Frames/Full/WolvesManCity122719frame477.jpg,0
Data/Training/Frames/Full/WolvesManCity122719frame6.jpg,0
Data/Training/Frames/WolvesManCity122719Hframe554.jpg,1
Data/Training/Frames/WolvesManCity122719Hframe171.jpg,1
Data/Training/Frames/WolvesManCity122719Hframe161.jpg,1
Data/Training/Frames/WolvesManCity122719Hframe667.jpg,1
Data/Training/Frames/WolvesManCity122719Hframe686.jpg,1
Data/Training/Frames/WolvesManCity122719Hframe129.jpg,1
Data/Training/Frames/WolvesManCity122719Hframe162.jpg,1
Data/Training/Frames/Full/WolvesManCity122719frame401.jpg,0
Data/Training/Frames/WolvesManCity122719Hframe505.jpg,1
Data/Training/Frames/WolvesManCity122719Hframe119.jpg,1
Data/Training/Frames/WolvesManCity122719Hframe10.jpg,1
Data/Training/Frames/Full/WolvesManCity122719frame293.jpg,0
Data/Training/Frames/WolvesManCity122719Hframe658.jpg,1
Data/Training/Frames/Full/WolvesManCity122719frame374.jpg,0
Data/Training/Frames/WolvesManCity122719Hframe579.jpg,1
Data/Training/Frames/Full/WolvesManCity122719frame423.jpg,0
Data/Training/Frames/WolvesManCity122719Hframe159.jpg,1
Data/Training/Frames/WolvesManCity122719Hframe203.jpg,1
Data/Training/Frames/WolvesManCity122719Hframe18.jpg,1
Data/Training/Frames/Full/WolvesManCity122719frame124.jpg,0
Data/Training/Frames/WolvesManCity122719Hframe234.jpg,1
Data/Training/Frames/WolvesManCity122719Hframe93.jpg,1
Data/Training/Frames/Full/WolvesManCity122719frame99.jpg,0
Data/Training/Frames/Full/WolvesManCity122719frame651.jpg,0
Data/Training/Frames/Full/WolvesManCity122719frame59.jpg,0
Data/Training/Frames/Full/WolvesManCity122719frame466.jpg,0
Data/Training/Frames/Full/WolvesManCity122719frame395.jpg,0
Data/Training/Frames/WolvesManCity122719Hframe434.jpg,1
Data/Training/Frames/WolvesManCity122719Hframe388.jpg,1
Data/Training/Frames/Full/WolvesManCity122719frame711.jpg,0
Data/Training/Frames/WolvesManCity122719Hframe307.jpg,1
Data/Training/Frames/Full/WolvesManCity122719frame177.jpg,0
Data/Training/Frames/WolvesManCity122719Hframe270.jpg,1
Data/Training/Frames/Full/WolvesManCity122719frame425.jpg,0
Data/Training/Frames/Full/WolvesManCity122719frame445.jpg,0
Data/Training/Frames/WolvesManCity122719Hframe282.jpg,1
Data/Training/Frames/Full/WolvesManCity122719frame595.jpg,0
Data/Training/Frames/Full/WolvesManCity122719frame334.jpg,0
Data/Training/Frames/WolvesManCity122719Hframe461.jpg,1
Data/Training/Frames/WolvesManCity122719Hframe176.jpg,1
Data/Training/Frames/Full/WolvesManCity122719frame287.jpg,0
Data/Training/Frames/WolvesManCity122719Hframe257.jpg,1
Data/Training/Frames/Full/WolvesManCity122719frame417.jpg,0
Data/Training/Frames/WolvesManCity122719Hframe175.jpg,1
Data/Training/Frames/Full/WolvesManCity122719frame694.jpg,0
Data/Training/Frames/Full/WolvesManCity122719frame554.jpg,0
Data/Training/Frames/Full/WolvesManCity122719frame34.jpg,0
Data/Training/Frames/WolvesManCity122719Hframe7.jpg,1
Data/Training/Frames/Full/WolvesManCity122719frame272.jpg,0
Data/Training/Frames/Full/WolvesManCity122719frame486.jpg,0
Data/Training/Frames/WolvesManCity122719Hframe266.jpg,1
Data/Training/Frames/WolvesManCity122719Hframe375.jpg,1
Data/Training/Frames/Full/WolvesManCity122719frame100.jpg,0
Data/Training/Frames/WolvesManCity122719Hframe495.jpg,1
Data/Training/Frames/WolvesManCity122719Hframe47.jpg,1
Data/Training/Frames/Full/WolvesManCity122719frame355.jpg,0
Data/Training/Frames/Full/WolvesManCity122719frame262.jpg,0
Data/Training/Frames/WolvesManCity122719Hframe551.jpg,1
Data/Training/Frames/Full/WolvesManCity122719frame389.jpg,0
Data/Training/Frames/WolvesManCity122719Hframe456.jpg,1
Data/Training/Frames/WolvesManCity122719Hframe339.jpg,1
Data/Training/Frames/Full/WolvesManCity122719frame327.jpg,0
Data/Training/Frames/Full/WolvesManCity122719frame123.jpg,0
Data/Training/Frames/WolvesManCity122719Hframe76.jpg,1
Data/Training/Frames/Full/WolvesManCity122719frame619.jpg,0
Data/Training/Frames/Full/WolvesManCity122719frame549.jpg,0
Data/Training/Frames/Full/WolvesManCity122719frame485.jpg,0
Data/Training/Frames/WolvesManCity122719Hframe57.jpg,1
Data/Training/Frames/Full/WolvesManCity122719frame332.jpg,0
Data/Training/Frames/WolvesManCity122719Hframe519.jpg,1
Data/Training/Frames/Full/WolvesManCity122719frame521.jpg,0
Data/Training/Frames/Full/WolvesManCity122719frame446.jpg,0
Data/Training/Frames/Full/WolvesManCity122719frame206.jpg,0
Data/Training/Frames/Full/WolvesManCity122719frame438.jpg,0
Data/Training/Frames/WolvesManCity122719Hframe48.jpg,1
Data/Training/Frames/WolvesManCity122719Hframe574.jpg,1
Data/Training/Frames/WolvesManCity122719Hframe414.jpg,1
Data/Training/Frames/WolvesManCity122719Hframe543.jpg,1
Data/Training/Frames/Full/WolvesManCity122719frame604.jpg,0
Data/Training/Frames/WolvesManCity122719Hframe306.jpg,1
Data/Training/Frames/WolvesManCity122719Hframe643.jpg,1
Data/Training/Frames/Full/WolvesManCity122719frame336.jpg,0
Data/Training/Frames/WolvesManCity122719Hframe494.jpg,1
Data/Training/Frames/Full/WolvesManCity122719frame491.jpg,0
Data/Training/Frames/WolvesManCity122719Hframe696.jpg,1
Data/Training/Frames/Full/WolvesManCity122719frame320.jpg,0
Data/Training/Frames/WolvesManCity122719Hframe523.jpg,1
Data/Training/Frames/Full/WolvesManCity122719frame165.jpg,0
Data/Training/Frames/WolvesManCity122719Hframe109.jpg,1
Data/Training/Frames/Full/WolvesManCity122719frame171.jpg,0
Data/Training/Frames/Full/WolvesManCity122719frame333.jpg,0
Data/Training/Frames/Full/WolvesManCity122719frame68.jpg,0
Data/Training/Frames/WolvesManCity122719Hframe71.jpg,1
Data/Training/Frames/WolvesManCity122719Hframe694.jpg,1
Data/Training/Frames/Full/WolvesManCity122719frame102.jpg,0
Data/Training/Frames/Full/WolvesManCity122719frame420.jpg,0
Data/Training/Frames/WolvesManCity122719Hframe45.jpg,1
Data/Training/Frames/WolvesManCity122719Hframe143.jpg,1
Data/Training/Frames/Full/WolvesManCity122719frame583.jpg,0
Data/Training/Frames/WolvesManCity122719Hframe100.jpg,1
Data/Training/Frames/Full/WolvesManCity122719frame202.jpg,0
Data/Training/Frames/WolvesManCity122719Hframe396.jpg,1
Data/Training/Frames/WolvesManCity122719Hframe709.jpg,1
Data/Training/Frames/WolvesManCity122719Hframe131.jpg,1
Data/Training/Frames/Full/WolvesManCity122719frame53.jpg,0
Data/Training/Frames/Full/WolvesManCity122719frame256.jpg,0
Data/Training/Frames/WolvesManCity122719Hframe370.jpg,1
Data/Training/Frames/Full/WolvesManCity122719frame63.jpg,0
Data/Training/Frames/Full/WolvesManCity122719frame412.jpg,0
Data/Training/Frames/WolvesManCity122719Hframe575.jpg,1
Data/Training/Frames/WolvesManCity122719Hframe49.jpg,1
Data/Training/Frames/WolvesManCity122719Hframe16.jpg,1
Data/Training/Frames/Full/WolvesManCity122719frame309.jpg,0
Data/Training/Frames/Full/WolvesManCity122719frame363.jpg,0
Data/Training/Frames/Full/WolvesManCity122719frame690.jpg,0
Data/Training/Frames/WolvesManCity122719Hframe556.jpg,1
Data/Training/Frames/Full/WolvesManCity122719frame65.jpg,0
Data/Training/Frames/WolvesManCity122719Hframe701.jpg,1
Data/Training/Frames/WolvesManCity122719Hframe571.jpg,1
Data/Training/Frames/Full/WolvesManCity122719frame188.jpg,0
Data/Training/Frames/Full/WolvesManCity122719frame476.jpg,0
Data/Training/Frames/Full/WolvesManCity122719frame527.jpg,0
Data/Training/Frames/Full/WolvesManCity122719frame397.jpg,0
Data/Training/Frames/Full/WolvesManCity122719frame481.jpg,0
Data/Training/Frames/Full/WolvesManCity122719frame544.jpg,0
Data/Training/Frames/WolvesManCity122719Hframe608.jpg,1
Data/Training/Frames/Full/WolvesManCity122719frame569.jpg,0
Data/Training/Frames/Full/WolvesManCity122719frame305.jpg,0
Data/Training/Frames/WolvesManCity122719Hframe393.jpg,1
Data/Training/Frames/WolvesManCity122719Hframe677.jpg,1
Data/Training/Frames/Full/WolvesManCity122719frame32.jpg,0
Data/Training/Frames/WolvesManCity122719Hframe197.jpg,1
Data/Training/Frames/Full/WolvesManCity122719frame286.jpg,0
Data/Training/Frames/WolvesManCity122719Hframe364.jpg,1
Data/Training/Frames/Full/WolvesManCity122719frame267.jpg,0
Data/Training/Frames/Full/WolvesManCity122719frame135.jpg,0
Data/Training/Frames/Full/WolvesManCity122719frame18.jpg,0
Data/Training/Frames/Full/WolvesManCity122719frame597.jpg,0
Data/Training/Frames/WolvesManCity122719Hframe4.jpg,1
Data/Training/Frames/WolvesManCity122719Hframe215.jpg,1
Data/Training/Frames/Full/WolvesManCity122719frame299.jpg,0
Data/Training/Frames/Full/WolvesManCity122719frame57.jpg,0
Data/Training/Frames/WolvesManCity122719Hframe136.jpg,1
Data/Training/Frames/WolvesManCity122719Hframe138.jpg,1
Data/Training/Frames/WolvesManCity122719Hframe702.jpg,1
Data/Training/Frames/Full/WolvesManCity122719frame410.jpg,0
Data/Training/Frames/Full/WolvesManCity122719frame717.jpg,0
Data/Training/Frames/Full/WolvesManCity122719frame461.jpg,0
Data/Training/Frames/Full/WolvesManCity122719frame440.jpg,0
Data/Training/Frames/WolvesManCity122719Hframe272.jpg,1
Data/Training/Frames/Full/WolvesManCity122719frame249.jpg,0
Data/Training/Frames/WolvesManCity122719Hframe704.jpg,1
Data/Training/Frames/Full/WolvesManCity122719frame435.jpg,0
Data/Training/Frames/WolvesManCity122719Hframe220.jpg,1
Data/Training/Frames/WolvesManCity122719Hframe450.jpg,1
Data/Training/Frames/Full/WolvesManCity122719frame369.jpg,0
Data/Training/Frames/Full/WolvesManCity122719frame543.jpg,0
Data/Training/Frames/WolvesManCity122719Hframe289.jpg,1
Data/Training/Frames/WolvesManCity122719Hframe563.jpg,1
Data/Training/Frames/Full/WolvesManCity122719frame450.jpg,0
Data/Training/Frames/Full/WolvesManCity122719frame380.jpg,0
Data/Training/Frames/WolvesManCity122719Hframe217.jpg,1
Data/Training/Frames/WolvesManCity122719Hframe448.jpg,1
Data/Training/Frames/WolvesManCity122719Hframe273.jpg,1
Data/Training/Frames/WolvesManCity122719Hframe400.jpg,1
Data/Training/Frames/WolvesManCity122719Hframe287.jpg,1
Data/Training/Frames/Full/WolvesManCity122719frame230.jpg,0
Data/Training/Frames/Full/WolvesManCity122719frame439.jpg,0
Data/Training/Frames/Full/WolvesManCity122719frame103.jpg,0
Data/Training/Frames/WolvesManCity122719Hframe312.jpg,1
Data/Training/Frames/WolvesManCity122719Hframe446.jpg,1
Data/Training/Frames/WolvesManCity122719Hframe357.jpg,1
Data/Training/Frames/Full/WolvesManCity122719frame219.jpg,0
Data/Training/Frames/Full/WolvesManCity122719frame184.jpg,0
Data/Training/Frames/Full/WolvesManCity122719frame43.jpg,0
Data/Training/Frames/Full/WolvesManCity122719frame4.jpg,0
Data/Training/Frames/WolvesManCity122719Hframe413.jpg,1
Data/Training/Frames/Full/WolvesManCity122719frame155.jpg,0
Data/Training/Frames/WolvesManCity122719Hframe412.jpg,1
Data/Training/Frames/Full/WolvesManCity122719frame233.jpg,0
Data/Training/Frames/WolvesManCity122719Hframe428.jpg,1
Data/Training/Frames/WolvesManCity122719Hframe640.jpg,1
Data/Training/Frames/WolvesManCity122719Hframe50.jpg,1
Data/Training/Frames/WolvesManCity122719Hframe346.jpg,1
Data/Training/Frames/WolvesManCity122719Hframe83.jpg,1
Data/Training/Frames/Full/WolvesManCity122719frame89.jpg,0
Data/Training/Frames/WolvesManCity122719Hframe12.jpg,1
Data/Training/Frames/WolvesManCity122719Hframe527.jpg,1
Data/Training/Frames/WolvesManCity122719Hframe382.jpg,1
Data/Training/Frames/WolvesManCity122719Hframe300.jpg,1
Data/Training/Frames/WolvesManCity122719Hframe646.jpg,1
Data/Training/Frames/Full/WolvesManCity122719frame556.jpg,0
Data/Training/Frames/WolvesManCity122719Hframe648.jpg,1
Data/Training/Frames/Full/WolvesManCity122719frame635.jpg,0
Data/Training/Frames/WolvesManCity122719Hframe623.jpg,1
Data/Training/Frames/WolvesManCity122719Hframe36.jpg,1
Data/Training/Frames/Full/WolvesManCity122719frame391.jpg,0
Data/Training/Frames/Full/WolvesManCity122719frame201.jpg,0
Data/Training/Frames/WolvesManCity122719Hframe267.jpg,1
Data/Training/Frames/Full/WolvesManCity122719frame151.jpg,0
Data/Training/Frames/Full/WolvesManCity122719frame277.jpg,0
Data/Training/Frames/WolvesManCity122719Hframe616.jpg,1
Data/Training/Frames/Full/WolvesManCity122719frame111.jpg,0
Data/Training/Frames/Full/WolvesManCity122719frame563.jpg,0
Data/Training/Frames/Full/WolvesManCity122719frame112.jpg,0
Data/Training/Frames/WolvesManCity122719Hframe670.jpg,1
Data/Training/Frames/WolvesManCity122719Hframe269.jpg,1
Data/Training/Frames/Full/WolvesManCity122719frame204.jpg,0
Data/Training/Frames/Full/WolvesManCity122719frame62.jpg,0
Data/Training/Frames/WolvesManCity122719Hframe275.jpg,1
Data/Training/Frames/Full/WolvesManCity122719frame607.jpg,0
Data/Training/Frames/WolvesManCity122719Hframe212.jpg,1
Data/Training/Frames/Full/WolvesManCity122719frame520.jpg,0
Data/Training/Frames/Full/WolvesManCity122719frame656.jpg,0
Data/Training/Frames/Full/WolvesManCity122719frame282.jpg,0
Data/Training/Frames/WolvesManCity122719Hframe88.jpg,1
Data/Training/Frames/WolvesManCity122719Hframe664.jpg,1
Data/Training/Frames/WolvesManCity122719Hframe195.jpg,1
Data/Training/Frames/Full/WolvesManCity122719frame210.jpg,0
Data/Training/Frames/Full/WolvesManCity122719frame573.jpg,0
Data/Training/Frames/WolvesManCity122719Hframe445.jpg,1
Data/Training/Frames/Full/WolvesManCity122719frame407.jpg,0
Data/Training/Frames/WolvesManCity122719Hframe376.jpg,1
Data/Training/Frames/WolvesManCity122719Hframe276.jpg,1
Data/Training/Frames/Full/WolvesManCity122719frame356.jpg,0
Data/Training/Frames/Full/WolvesManCity122719frame381.jpg,0
Data/Training/Frames/WolvesManCity122719Hframe42.jpg,1
Data/Training/Frames/WolvesManCity122719Hframe139.jpg,1
Data/Training/Frames/WolvesManCity122719Hframe61.jpg,1
Data/Training/Frames/WolvesManCity122719Hframe242.jpg,1
Data/Training/Frames/Full/WolvesManCity122719frame246.jpg,0
Data/Training/Frames/Full/WolvesManCity122719frame301.jpg,0
Data/Training/Frames/Full/WolvesManCity122719frame44.jpg,0
Data/Training/Frames/WolvesManCity122719Hframe147.jpg,1
Data/Training/Frames/Full/WolvesManCity122719frame636.jpg,0
Data/Training/Frames/WolvesManCity122719Hframe329.jpg,1
Data/Training/Frames/Full/WolvesManCity122719frame502.jpg,0
Data/Training/Frames/WolvesManCity122719Hframe622.jpg,1
Data/Training/Frames/Full/WolvesManCity122719frame465.jpg,0
Data/Training/Frames/Full/WolvesManCity122719frame217.jpg,0
Data/Training/Frames/WolvesManCity122719Hframe533.jpg,1
Data/Training/Frames/WolvesManCity122719Hframe698.jpg,1
Data/Training/Frames/WolvesManCity122719Hframe128.jpg,1
Data/Training/Frames/WolvesManCity122719Hframe652.jpg,1
Data/Training/Frames/WolvesManCity122719Hframe462.jpg,1
Data/Training/Frames/WolvesManCity122719Hframe233.jpg,1
Data/Training/Frames/WolvesManCity122719Hframe548.jpg,1
Data/Training/Frames/WolvesManCity122719Hframe705.jpg,1
Data/Training/Frames/Full/WolvesManCity122719frame558.jpg,0
Data/Training/Frames/WolvesManCity122719Hframe334.jpg,1
Data/Training/Frames/Full/WolvesManCity122719frame400.jpg,0
Data/Training/Frames/WolvesManCity122719Hframe255.jpg,1
Data/Training/Frames/WolvesManCity122719Hframe660.jpg,1
Data/Training/Frames/WolvesManCity122719Hframe256.jpg,1
Data/Training/Frames/Full/WolvesManCity122719frame119.jpg,0
Data/Training/Frames/Full/WolvesManCity122719frame631.jpg,0
Data/Training/Frames/WolvesManCity122719Hframe248.jpg,1
Data/Training/Frames/WolvesManCity122719Hframe416.jpg,1
Data/Training/Frames/WolvesManCity122719Hframe720.jpg,1
Data/Training/Frames/WolvesManCity122719Hframe296.jpg,1
Data/Training/Frames/Full/WolvesManCity122719frame58.jpg,0
Data/Training/Frames/WolvesManCity122719Hframe636.jpg,1
Data/Training/Frames/Full/WolvesManCity122719frame497.jpg,0
Data/Training/Frames/Full/WolvesManCity122719frame430.jpg,0
Data/Training/Frames/Full/WolvesManCity122719frame24.jpg,0
Data/Training/Frames/Full/WolvesManCity122719frame545.jpg,0
Data/Training/Frames/WolvesManCity122719Hframe553.jpg,1
Data/Training/Frames/Full/WolvesManCity122719frame302.jpg,0
Data/Training/Frames/WolvesManCity122719Hframe549.jpg,1
Data/Training/Frames/WolvesManCity122719Hframe545.jpg,1
Data/Training/Frames/Full/WolvesManCity122719frame459.jpg,0
Data/Training/Frames/Full/WolvesManCity122719frame300.jpg,0
Data/Training/Frames/WolvesManCity122719Hframe721.jpg,1
Data/Training/Frames/WolvesManCity122719Hframe241.jpg,1
Data/Training/Frames/Full/WolvesManCity122719frame33.jpg,0
Data/Training/Frames/WolvesManCity122719Hframe77.jpg,1
Data/Training/Frames/WolvesManCity122719Hframe431.jpg,1
Data/Training/Frames/Full/WolvesManCity122719frame358.jpg,0
Data/Training/Frames/Full/WolvesManCity122719frame534.jpg,0
Data/Training/Frames/Full/WolvesManCity122719frame251.jpg,0
Data/Training/Frames/WolvesManCity122719Hframe581.jpg,1
Data/Training/Frames/WolvesManCity122719Hframe38.jpg,1
Data/Training/Frames/Full/WolvesManCity122719frame38.jpg,0
Data/Training/Frames/Full/WolvesManCity122719frame114.jpg,0
Data/Training/Frames/Full/WolvesManCity122719frame176.jpg,0
Data/Training/Frames/Full/WolvesManCity122719frame658.jpg,0
Data/Training/Frames/Full/WolvesManCity122719frame587.jpg,0
Data/Training/Frames/Full/WolvesManCity122719frame174.jpg,0
Data/Training/Frames/WolvesManCity122719Hframe336.jpg,1
Data/Training/Frames/Full/WolvesManCity122719frame688.jpg,0
Data/Training/Frames/Full/WolvesManCity122719frame663.jpg,0
Data/Training/Frames/WolvesManCity122719Hframe177.jpg,1
Data/Training/Frames/Full/WolvesManCity122719frame310.jpg,0
Data/Training/Frames/WolvesManCity122719Hframe583.jpg,1
Data/Training/Frames/Full/WolvesManCity122719frame239.jpg,0
Data/Training/Frames/Full/WolvesManCity122719frame673.jpg,0
Data/Training/Frames/Full/WolvesManCity122719frame668.jpg,0
Data/Training/Frames/Full/WolvesManCity122719frame707.jpg,0
Data/Training/Frames/Full/WolvesManCity122719frame422.jpg,0
Data/Training/Frames/Full/WolvesManCity122719frame283.jpg,0
Data/Training/Frames/WolvesManCity122719Hframe530.jpg,1
Data/Training/Frames/WolvesManCity122719Hframe559.jpg,1
Data/Training/Frames/Full/WolvesManCity122719frame280.jpg,0
Data/Training/Frames/WolvesManCity122719Hframe637.jpg,1
Data/Training/Frames/Full/WolvesManCity122719frame428.jpg,0
Data/Training/Frames/Full/WolvesManCity122719frame411.jpg,0
Data/Training/Frames/WolvesManCity122719Hframe94.jpg,1
Data/Training/Frames/Full/WolvesManCity122719frame9.jpg,0
Data/Training/Frames/Full/WolvesManCity122719frame431.jpg,0
Data/Training/Frames/Full/WolvesManCity122719frame3.jpg,0
Data/Training/Frames/Full/WolvesManCity122719frame132.jpg,0
Data/Training/Frames/WolvesManCity122719Hframe15.jpg,1
Data/Training/Frames/Full/WolvesManCity122719frame365.jpg,0
Data/Training/Frames/Full/WolvesManCity122719frame532.jpg,0
Data/Training/Frames/Full/WolvesManCity122719frame499.jpg,0
Data/Training/Frames/WolvesManCity122719Hframe218.jpg,1
Data/Training/Frames/Full/WolvesManCity122719frame670.jpg,0
Data/Training/Frames/WolvesManCity122719Hframe321.jpg,1
Data/Training/Frames/WolvesManCity122719Hframe455.jpg,1
Data/Training/Frames/Full/WolvesManCity122719frame101.jpg,0
Data/Training/Frames/Full/WolvesManCity122719frame46.jpg,0
Data/Training/Frames/WolvesManCity122719Hframe397.jpg,1
Data/Training/Frames/WolvesManCity122719Hframe590.jpg,1
Data/Training/Frames/Full/WolvesManCity122719frame191.jpg,0
Data/Training/Frames/Full/WolvesManCity122719frame136.jpg,0
Data/Training/Frames/Full/WolvesManCity122719frame179.jpg,0
Data/Training/Frames/Full/WolvesManCity122719frame594.jpg,0
Data/Training/Frames/WolvesManCity122719Hframe238.jpg,1
Data/Training/Frames/WolvesManCity122719Hframe496.jpg,1
Data/Training/Frames/WolvesManCity122719Hframe429.jpg,1
Data/Training/Frames/Full/WolvesManCity122719frame627.jpg,0
Data/Training/Frames/WolvesManCity122719Hframe598.jpg,1
Data/Training/Frames/Full/WolvesManCity122719frame406.jpg,0
Data/Training/Frames/Full/WolvesManCity122719frame23.jpg,0
Data/Training/Frames/Full/WolvesManCity122719frame531.jpg,0
Data/Training/Frames/Full/WolvesManCity122719frame292.jpg,0
Data/Training/Frames/WolvesManCity122719Hframe37.jpg,1
Data/Training/Frames/WolvesManCity122719Hframe249.jpg,1
Data/Training/Frames/WolvesManCity122719Hframe293.jpg,1
Data/Training/Frames/WolvesManCity122719Hframe324.jpg,1
Data/Training/Frames/WolvesManCity122719Hframe250.jpg,1
Data/Training/Frames/Full/WolvesManCity122719frame452.jpg,0
Data/Training/Frames/WolvesManCity122719Hframe1.jpg,1
Data/Training/Frames/WolvesManCity122719Hframe74.jpg,1
Data/Training/Frames/WolvesManCity122719Hframe605.jpg,1
Data/Training/Frames/Full/WolvesManCity122719frame157.jpg,0
Data/Training/Frames/Full/WolvesManCity122719frame524.jpg,0
Data/Training/Frames/Full/WolvesManCity122719frame418.jpg,0
Data/Training/Frames/Full/WolvesManCity122719frame61.jpg,0
Data/Training/Frames/Full/WolvesManCity122719frame131.jpg,0
Data/Training/Frames/WolvesManCity122719Hframe325.jpg,1
Data/Training/Frames/Full/WolvesManCity122719frame393.jpg,0
Data/Training/Frames/WolvesManCity122719Hframe430.jpg,1
Data/Training/Frames/WolvesManCity122719Hframe66.jpg,1
Data/Training/Frames/WolvesManCity122719Hframe460.jpg,1
Data/Training/Frames/Full/WolvesManCity122719frame626.jpg,0
Data/Training/Frames/Full/WolvesManCity122719frame625.jpg,0
Data/Training/Frames/WolvesManCity122719Hframe491.jpg,1
Data/Training/Frames/Full/WolvesManCity122719frame537.jpg,0
Data/Training/Frames/Full/WolvesManCity122719frame437.jpg,0
Data/Training/Frames/WolvesManCity122719Hframe501.jpg,1
Data/Training/Frames/WolvesManCity122719Hframe31.jpg,1
Data/Training/Frames/Full/WolvesManCity122719frame618.jpg,0
Data/Training/Frames/Full/WolvesManCity122719frame419.jpg,0
Data/Training/Frames/Full/WolvesManCity122719frame630.jpg,0
Data/Training/Frames/WolvesManCity122719Hframe316.jpg,1
Data/Training/Frames/WolvesManCity122719Hframe121.jpg,1
Data/Training/Frames/WolvesManCity122719Hframe343.jpg,1
Data/Training/Frames/Full/WolvesManCity122719frame496.jpg,0
Data/Training/Frames/WolvesManCity122719Hframe193.jpg,1
Data/Training/Frames/WolvesManCity122719Hframe28.jpg,1
Data/Training/Frames/Full/WolvesManCity122719frame645.jpg,0
Data/Training/Frames/Full/WolvesManCity122719frame128.jpg,0
Data/Training/Frames/WolvesManCity122719Hframe196.jpg,1
Data/Training/Frames/Full/WolvesManCity122719frame553.jpg,0
Data/Training/Frames/WolvesManCity122719Hframe163.jpg,1
Data/Training/Frames/Full/WolvesManCity122719frame343.jpg,0
Data/Training/Frames/WolvesManCity122719Hframe251.jpg,1
Data/Training/Frames/WolvesManCity122719Hframe599.jpg,1
Data/Training/Frames/Full/WolvesManCity122719frame260.jpg,0
Data/Training/Frames/Full/WolvesManCity122719frame536.jpg,0
Data/Training/Frames/WolvesManCity122719Hframe327.jpg,1
Data/Training/Frames/WolvesManCity122719Hframe46.jpg,1
Data/Training/Frames/WolvesManCity122719Hframe385.jpg,1
Data/Training/Frames/Full/WolvesManCity122719frame295.jpg,0
Data/Training/Frames/Full/WolvesManCity122719frame314.jpg,0
Data/Training/Frames/WolvesManCity122719Hframe641.jpg,1
Data/Training/Frames/WolvesManCity122719Hframe198.jpg,1
Data/Training/Frames/WolvesManCity122719Hframe546.jpg,1
Data/Training/Frames/Full/WolvesManCity122719frame659.jpg,0
Data/Training/Frames/Full/WolvesManCity122719frame329.jpg,0
Data/Training/Frames/Full/WolvesManCity122719frame581.jpg,0
Data/Training/Frames/Full/WolvesManCity122719frame709.jpg,0
Data/Training/Frames/Full/WolvesManCity122719frame281.jpg,0
Data/Training/Frames/WolvesManCity122719Hframe661.jpg,1
Data/Training/Frames/WolvesManCity122719Hframe398.jpg,1
Data/Training/Frames/WolvesManCity122719Hframe683.jpg,1
Data/Training/Frames/WolvesManCity122719Hframe502.jpg,1
Data/Training/Frames/WolvesManCity122719Hframe359.jpg,1
Data/Training/Frames/WolvesManCity122719Hframe213.jpg,1
Data/Training/Frames/WolvesManCity122719Hframe476.jpg,1
Data/Training/Frames/WolvesManCity122719Hframe673.jpg,1
Data/Training/Frames/WolvesManCity122719Hframe254.jpg,1
Data/Training/Frames/WolvesManCity122719Hframe43.jpg,1
Data/Training/Frames/Full/WolvesManCity122719frame104.jpg,0
Data/Training/Frames/Full/WolvesManCity122719frame162.jpg,0
Data/Training/Frames/WolvesManCity122719Hframe150.jpg,1
Data/Training/Frames/Full/WolvesManCity122719frame347.jpg,0
Data/Training/Frames/Full/WolvesManCity122719frame542.jpg,0
Data/Training/Frames/WolvesManCity122719Hframe480.jpg,1
Data/Training/Frames/Full/WolvesManCity122719frame172.jpg,0
Data/Training/Frames/Full/WolvesManCity122719frame624.jpg,0
Data/Training/Frames/Full/WolvesManCity122719frame241.jpg,0
Data/Training/Frames/Full/WolvesManCity122719frame224.jpg,0
Data/Training/Frames/Full/WolvesManCity122719frame571.jpg,0
Data/Training/Frames/WolvesManCity122719Hframe274.jpg,1
Data/Training/Frames/WolvesManCity122719Hframe41.jpg,1
Data/Training/Frames/Full/WolvesManCity122719frame413.jpg,0
Data/Training/Frames/Full/WolvesManCity122719frame125.jpg,0
Data/Training/Frames/Full/WolvesManCity122719frame244.jpg,0
Data/Training/Frames/Full/WolvesManCity122719frame178.jpg,0
Data/Training/Frames/Full/WolvesManCity122719frame539.jpg,0
Data/Training/Frames/Full/WolvesManCity122719frame443.jpg,0
Data/Training/Frames/WolvesManCity122719Hframe246.jpg,1
Data/Training/Frames/Full/WolvesManCity122719frame5.jpg,0
Data/Training/Frames/Full/WolvesManCity122719frame586.jpg,0
Data/Training/Frames/WolvesManCity122719Hframe436.jpg,1
Data/Training/Frames/WolvesManCity122719Hframe72.jpg,1
Data/Training/Frames/WolvesManCity122719Hframe597.jpg,1
Data/Training/Frames/Full/WolvesManCity122719frame621.jpg,0
Data/Training/Frames/WolvesManCity122719Hframe657.jpg,1
Data/Training/Frames/WolvesManCity122719Hframe419.jpg,1
Data/Training/Frames/Full/WolvesManCity122719frame10.jpg,0
Data/Training/Frames/WolvesManCity122719Hframe500.jpg,1
Data/Training/Frames/Full/WolvesManCity122719frame482.jpg,0
Data/Training/Frames/WolvesManCity122719Hframe341.jpg,1
Data/Training/Frames/WolvesManCity122719Hframe603.jpg,1
Data/Training/Frames/WolvesManCity122719Hframe140.jpg,1
Data/Training/Frames/WolvesManCity122719Hframe528.jpg,1
Data/Training/Frames/WolvesManCity122719Hframe403.jpg,1
Data/Training/Frames/WolvesManCity122719Hframe465.jpg,1
Data/Training/Frames/WolvesManCity122719Hframe718.jpg,1
Data/Training/Frames/WolvesManCity122719Hframe363.jpg,1
Data/Training/Frames/Full/WolvesManCity122719frame346.jpg,0
Data/Training/Frames/WolvesManCity122719Hframe34.jpg,1
Data/Training/Frames/Full/WolvesManCity122719frame138.jpg,0
Data/Training/Frames/WolvesManCity122719Hframe404.jpg,1
Data/Training/Frames/Full/WolvesManCity122719frame12.jpg,0
Data/Training/Frames/Full/WolvesManCity122719frame139.jpg,0
Data/Training/Frames/WolvesManCity122719Hframe473.jpg,1
Data/Training/Frames/WolvesManCity122719Hframe62.jpg,1
Data/Training/Frames/WolvesManCity122719Hframe594.jpg,1
Data/Training/Frames/Full/WolvesManCity122719frame647.jpg,0
Data/Training/Frames/Full/WolvesManCity122719frame557.jpg,0
Data/Training/Frames/WolvesManCity122719Hframe55.jpg,1
Data/Training/Frames/WolvesManCity122719Hframe540.jpg,1
Data/Training/Frames/WolvesManCity122719Hframe715.jpg,1
Data/Training/Frames/Full/WolvesManCity122719frame699.jpg,0
Data/Training/Frames/WolvesManCity122719Hframe166.jpg,1
Data/Training/Frames/Full/WolvesManCity122719frame628.jpg,0
Data/Training/Frames/Full/WolvesManCity122719frame209.jpg,0
Data/Training/Frames/Full/WolvesManCity122719frame231.jpg,0
Data/Training/Frames/WolvesManCity122719Hframe210.jpg,1
Data/Training/Frames/WolvesManCity122719Hframe427.jpg,1
Data/Training/Frames/Full/WolvesManCity122719frame704.jpg,0
Data/Training/Frames/Full/WolvesManCity122719frame555.jpg,0
Data/Training/Frames/WolvesManCity122719Hframe458.jpg,1
Data/Training/Frames/Full/WolvesManCity122719frame697.jpg,0
Data/Training/Frames/Full/WolvesManCity122719frame276.jpg,0
Data/Training/Frames/WolvesManCity122719Hframe353.jpg,1
Data/Training/Frames/Full/WolvesManCity122719frame538.jpg,0
Data/Training/Frames/WolvesManCity122719Hframe535.jpg,1
Data/Training/Frames/Full/WolvesManCity122719frame370.jpg,0
Data/Training/Frames/Full/WolvesManCity122719frame657.jpg,0
Data/Training/Frames/WolvesManCity122719Hframe441.jpg,1
Data/Training/Frames/WolvesManCity122719Hframe132.jpg,1
Data/Training/Frames/WolvesManCity122719Hframe268.jpg,1
Data/Training/Frames/Full/WolvesManCity122719frame608.jpg,0
Data/Training/Frames/WolvesManCity122719Hframe506.jpg,1
Data/Training/Frames/Full/WolvesManCity122719frame87.jpg,0
Data/Training/Frames/Full/WolvesManCity122719frame480.jpg,0
Data/Training/Frames/Full/WolvesManCity122719frame271.jpg,0
Data/Training/Frames/WolvesManCity122719Hframe561.jpg,1
Data/Training/Frames/WolvesManCity122719Hframe239.jpg,1
Data/Training/Frames/Full/WolvesManCity122719frame578.jpg,0
Data/Training/Frames/WolvesManCity122719Hframe134.jpg,1
Data/Training/Frames/WolvesManCity122719Hframe111.jpg,1
Data/Training/Frames/Full/WolvesManCity122719frame315.jpg,0
Data/Training/Frames/Full/WolvesManCity122719frame703.jpg,0
Data/Training/Frames/WolvesManCity122719Hframe264.jpg,1
Data/Training/Frames/WolvesManCity122719Hframe110.jpg,1
Data/Training/Frames/WolvesManCity122719Hframe647.jpg,1
Data/Training/Frames/WolvesManCity122719Hframe30.jpg,1
Data/Training/Frames/WolvesManCity122719Hframe360.jpg,1
Data/Training/Frames/Full/WolvesManCity122719frame492.jpg,0
Data/Training/Frames/WolvesManCity122719Hframe614.jpg,1
Data/Training/Frames/WolvesManCity122719Hframe656.jpg,1
Data/Training/Frames/Full/WolvesManCity122719frame691.jpg,0
Data/Training/Frames/WolvesManCity122719Hframe531.jpg,1
Data/Training/Frames/Full/WolvesManCity122719frame298.jpg,0
Data/Training/Frames/Full/WolvesManCity122719frame352.jpg,0
Data/Training/Frames/WolvesManCity122719Hframe69.jpg,1
Data/Training/Frames/WolvesManCity122719Hframe632.jpg,1
Data/Training/Frames/Full/WolvesManCity122719frame80.jpg,0
Data/Training/Frames/Full/WolvesManCity122719frame69.jpg,0
Data/Training/Frames/WolvesManCity122719Hframe669.jpg,1
Data/Training/Frames/WolvesManCity122719Hframe29.jpg,1
Data/Training/Frames/Full/WolvesManCity122719frame720.jpg,0
Data/Training/Frames/WolvesManCity122719Hframe367.jpg,1
Data/Training/Frames/Full/WolvesManCity122719frame559.jpg,0
Data/Training/Frames/WolvesManCity122719Hframe630.jpg,1
Data/Training/Frames/WolvesManCity122719Hframe122.jpg,1
Data/Training/Frames/Full/WolvesManCity122719frame126.jpg,0
Data/Training/Frames/Full/WolvesManCity122719frame312.jpg,0
Data/Training/Frames/WolvesManCity122719Hframe285.jpg,1
Data/Training/Frames/WolvesManCity122719Hframe675.jpg,1
Data/Training/Frames/Full/WolvesManCity122719frame72.jpg,0
Data/Training/Frames/WolvesManCity122719Hframe611.jpg,1
Data/Training/Frames/Full/WolvesManCity122719frame7.jpg,0
Data/Training/Frames/WolvesManCity122719Hframe529.jpg,1
Data/Training/Frames/Full/WolvesManCity122719frame308.jpg,0
Data/Training/Frames/Full/WolvesManCity122719frame708.jpg,0
Data/Training/Frames/WolvesManCity122719Hframe59.jpg,1
Data/Training/Frames/Full/WolvesManCity122719frame449.jpg,0
Data/Training/Frames/WolvesManCity122719Hframe53.jpg,1
Data/Training/Frames/Full/WolvesManCity122719frame27.jpg,0
Data/Training/Frames/WolvesManCity122719Hframe330.jpg,1
Data/Training/Frames/WolvesManCity122719Hframe87.jpg,1
Data/Training/Frames/Full/WolvesManCity122719frame513.jpg,0
Data/Training/Frames/Full/WolvesManCity122719frame672.jpg,0
Data/Training/Frames/Full/WolvesManCity122719frame93.jpg,0
Data/Training/Frames/Full/WolvesManCity122719frame278.jpg,0
Data/Training/Frames/Full/WolvesManCity122719frame55.jpg,0
Data/Training/Frames/Full/WolvesManCity122719frame591.jpg,0
Data/Training/Frames/Full/WolvesManCity122719frame238.jpg,0
Data/Training/Frames/Full/WolvesManCity122719frame667.jpg,0
Data/Training/Frames/WolvesManCity122719Hframe420.jpg,1
Data/Training/Frames/WolvesManCity122719Hframe146.jpg,1
Data/Training/Frames/WolvesManCity122719Hframe187.jpg,1
Data/Training/Frames/Full/WolvesManCity122719frame261.jpg,0
Data/Training/Frames/WolvesManCity122719Hframe149.jpg,1
Data/Training/Frames/Full/WolvesManCity122719frame671.jpg,0
Data/Training/Frames/WolvesManCity122719Hframe668.jpg,1
Data/Training/Frames/WolvesManCity122719Hframe311.jpg,1
Data/Training/Frames/Full/WolvesManCity122719frame35.jpg,0
Data/Training/Frames/Full/WolvesManCity122719frame255.jpg,0
Data/Training/Frames/Full/WolvesManCity122719frame8.jpg,0
Data/Training/Frames/WolvesManCity122719Hframe562.jpg,1
Data/Training/Frames/Full/WolvesManCity122719frame106.jpg,0
Data/Training/Frames/WolvesManCity122719Hframe651.jpg,1
Data/Training/Frames/WolvesManCity122719Hframe371.jpg,1
Data/Training/Frames/Full/WolvesManCity122719frame552.jpg,0
Data/Training/Frames/Full/WolvesManCity122719frame646.jpg,0
Data/Training/Frames/WolvesManCity122719Hframe86.jpg,1
Data/Training/Frames/WolvesManCity122719Hframe642.jpg,1
Data/Training/Frames/Full/WolvesManCity122719frame489.jpg,0
Data/Training/Frames/Full/WolvesManCity122719frame606.jpg,0
Data/Training/Frames/WolvesManCity122719Hframe103.jpg,1
Data/Training/Frames/Full/WolvesManCity122719frame328.jpg,0
Data/Training/Frames/WolvesManCity122719Hframe167.jpg,1
Data/Training/Frames/WolvesManCity122719Hframe120.jpg,1
Data/Training/Frames/WolvesManCity122719Hframe593.jpg,1
Data/Training/Frames/Full/WolvesManCity122719frame154.jpg,0
Data/Training/Frames/WolvesManCity122719Hframe137.jpg,1
Data/Training/Frames/Full/WolvesManCity122719frame193.jpg,0
Data/Training/Frames/WolvesManCity122719Hframe452.jpg,1
Data/Training/Frames/Full/WolvesManCity122719frame444.jpg,0
Data/Training/Frames/Full/WolvesManCity122719frame584.jpg,0
Data/Training/Frames/WolvesManCity122719Hframe613.jpg,1
Data/Training/Frames/WolvesManCity122719Hframe6.jpg,1
Data/Training/Frames/WolvesManCity122719Hframe604.jpg,1
Data/Training/Frames/Full/WolvesManCity122719frame546.jpg,0
Data/Training/Frames/Full/WolvesManCity122719frame84.jpg,0
Data/Training/Frames/Full/WolvesManCity122719frame205.jpg,0
Data/Training/Frames/WolvesManCity122719Hframe629.jpg,1
Data/Training/Frames/WolvesManCity122719Hframe369.jpg,1
Data/Training/Frames/Full/WolvesManCity122719frame146.jpg,0
Data/Training/Frames/Full/WolvesManCity122719frame141.jpg,0
Data/Training/Frames/Full/WolvesManCity122719frame252.jpg,0
Data/Training/Frames/WolvesManCity122719Hframe443.jpg,1
Data/Training/Frames/WolvesManCity122719Hframe283.jpg,1
Data/Training/Frames/Full/WolvesManCity122719frame701.jpg,0
Data/Training/Frames/Full/WolvesManCity122719frame351.jpg,0
Data/Training/Frames/Full/WolvesManCity122719frame611.jpg,0
Data/Training/Frames/Full/WolvesManCity122719frame78.jpg,0
Data/Training/Frames/WolvesManCity122719Hframe711.jpg,1
Data/Training/Frames/WolvesManCity122719Hframe0.jpg,1
Data/Training/Frames/WolvesManCity122719Hframe524.jpg,1
Data/Training/Frames/WolvesManCity122719Hframe402.jpg,1
Data/Training/Frames/WolvesManCity122719Hframe348.jpg,1
Data/Training/Frames/Full/WolvesManCity122719frame130.jpg,0
Data/Training/Frames/WolvesManCity122719Hframe716.jpg,1
Data/Training/Frames/Full/WolvesManCity122719frame706.jpg,0
Data/Training/Frames/WolvesManCity122719Hframe515.jpg,1
Data/Training/Frames/Full/WolvesManCity122719frame91.jpg,0
Data/Training/Frames/WolvesManCity122719Hframe653.jpg,1
Data/Training/Frames/WolvesManCity122719Hframe714.jpg,1
Data/Training/Frames/Full/WolvesManCity122719frame344.jpg,0
Data/Training/Frames/Full/WolvesManCity122719frame26.jpg,0
Data/Training/Frames/WolvesManCity122719Hframe292.jpg,1
Data/Training/Frames/Full/WolvesManCity122719frame326.jpg,0
Data/Training/Frames/WolvesManCity122719Hframe247.jpg,1
Data/Training/Frames/Full/WolvesManCity122719frame268.jpg,0
Data/Training/Frames/WolvesManCity122719Hframe278.jpg,1
Data/Training/Frames/Full/WolvesManCity122719frame234.jpg,0
Data/Training/Frames/WolvesManCity122719Hframe243.jpg,1
Data/Training/Frames/Full/WolvesManCity122719frame28.jpg,0
Data/Training/Frames/Full/WolvesManCity122719frame77.jpg,0
Data/Training/Frames/WolvesManCity122719Hframe351.jpg,1
Data/Training/Frames/Full/WolvesManCity122719frame164.jpg,0
Data/Training/Frames/Full/WolvesManCity122719frame457.jpg,0
Data/Training/Frames/WolvesManCity122719Hframe418.jpg,1
Data/Training/Frames/Full/WolvesManCity122719frame713.jpg,0
Data/Training/Frames/WolvesManCity122719Hframe477.jpg,1
Data/Training/Frames/Full/WolvesManCity122719frame349.jpg,0
Data/Training/Frames/Full/WolvesManCity122719frame471.jpg,0
Data/Training/Frames/Full/WolvesManCity122719frame279.jpg,0
Data/Training/Frames/Full/WolvesManCity122719frame76.jpg,0
Data/Training/Frames/WolvesManCity122719Hframe454.jpg,1
Data/Training/Frames/WolvesManCity122719Hframe620.jpg,1
Data/Training/Frames/WolvesManCity122719Hframe286.jpg,1
Data/Training/Frames/WolvesManCity122719Hframe156.jpg,1
Data/Training/Frames/WolvesManCity122719Hframe2.jpg,1
Data/Training/Frames/Full/WolvesManCity122719frame228.jpg,0
Data/Training/Frames/Full/WolvesManCity122719frame245.jpg,0
Data/Training/Frames/Full/WolvesManCity122719frame681.jpg,0
Data/Training/Frames/Full/WolvesManCity122719frame662.jpg,0
Data/Training/Frames/Full/WolvesManCity122719frame247.jpg,0
Data/Training/Frames/WolvesManCity122719Hframe290.jpg,1
Data/Training/Frames/Full/WolvesManCity122719frame232.jpg,0
Data/Training/Frames/Full/WolvesManCity122719frame259.jpg,0
Data/Training/Frames/WolvesManCity122719Hframe492.jpg,1
Data/Training/Frames/Full/WolvesManCity122719frame579.jpg,0
Data/Training/Frames/WolvesManCity122719Hframe200.jpg,1
Data/Training/Frames/WolvesManCity122719Hframe372.jpg,1
Data/Training/Frames/Full/WolvesManCity122719frame253.jpg,0
Data/Training/Frames/WolvesManCity122719Hframe625.jpg,1
Data/Training/Frames/WolvesManCity122719Hframe681.jpg,1
Data/Training/Frames/Full/WolvesManCity122719frame644.jpg,0
Data/Training/Frames/Full/WolvesManCity122719frame117.jpg,0
Data/Training/Frames/Full/WolvesManCity122719frame447.jpg,0
Data/Training/Frames/WolvesManCity122719Hframe304.jpg,1
Data/Training/Frames/Full/WolvesManCity122719frame94.jpg,0
Data/Training/Frames/Full/WolvesManCity122719frame291.jpg,0
Data/Training/Frames/Full/WolvesManCity122719frame223.jpg,0
Data/Training/Frames/WolvesManCity122719Hframe417.jpg,1
Data/Training/Frames/WolvesManCity122719Hframe102.jpg,1
Data/Training/Frames/WolvesManCity122719Hframe240.jpg,1
Data/Training/Frames/WolvesManCity122719Hframe552.jpg,1
Data/Training/Frames/Full/WolvesManCity122719frame175.jpg,0
Data/Training/Frames/WolvesManCity122719Hframe659.jpg,1
Data/Training/Frames/WolvesManCity122719Hframe125.jpg,1
Data/Training/Frames/Full/WolvesManCity122719frame49.jpg,0
Data/Training/Frames/Full/WolvesManCity122719frame203.jpg,0
Data/Training/Frames/Full/WolvesManCity122719frame675.jpg,0
Data/Training/Frames/Full/WolvesManCity122719frame379.jpg,0
Data/Training/Frames/WolvesManCity122719Hframe380.jpg,1
Data/Training/Frames/WolvesManCity122719Hframe230.jpg,1
Data/Training/Frames/Full/WolvesManCity122719frame448.jpg,0
Data/Training/Frames/Full/WolvesManCity122719frame560.jpg,0
Data/Training/Frames/Full/WolvesManCity122719frame47.jpg,0
Data/Training/Frames/WolvesManCity122719Hframe361.jpg,1
Data/Training/Frames/Full/WolvesManCity122719frame16.jpg,0
Data/Training/Frames/WolvesManCity122719Hframe39.jpg,1
Data/Training/Frames/Full/WolvesManCity122719frame541.jpg,0
Data/Training/Frames/WolvesManCity122719Hframe14.jpg,1
Data/Training/Frames/WolvesManCity122719Hframe394.jpg,1
Data/Training/Frames/WolvesManCity122719Hframe634.jpg,1
Data/Training/Frames/WolvesManCity122719Hframe261.jpg,1
Data/Training/Frames/Full/WolvesManCity122719frame196.jpg,0
Data/Training/Frames/WolvesManCity122719Hframe317.jpg,1
Data/Training/Frames/Full/WolvesManCity122719frame115.jpg,0
Data/Training/Frames/WolvesManCity122719Hframe471.jpg,1
Data/Training/Frames/WolvesManCity122719Hframe628.jpg,1
Data/Training/Frames/Full/WolvesManCity122719frame405.jpg,0
Data/Training/Frames/WolvesManCity122719Hframe227.jpg,1
Data/Training/Frames/Full/WolvesManCity122719frame669.jpg,0
Data/Training/Frames/WolvesManCity122719Hframe81.jpg,1
Data/Training/Frames/Full/WolvesManCity122719frame213.jpg,0
Data/Training/Frames/WolvesManCity122719Hframe263.jpg,1
Data/Training/Frames/Full/WolvesManCity122719frame198.jpg,0
Data/Training/Frames/WolvesManCity122719Hframe572.jpg,1
Data/Training/Frames/Full/WolvesManCity122719frame375.jpg,0
Data/Training/Frames/Full/WolvesManCity122719frame353.jpg,0
Data/Training/Frames/WolvesManCity122719Hframe707.jpg,1
Data/Training/Frames/Full/WolvesManCity122719frame337.jpg,0
Data/Training/Frames/Full/WolvesManCity122719frame478.jpg,0
Data/Training/Frames/Full/WolvesManCity122719frame220.jpg,0
Data/Training/Frames/Full/WolvesManCity122719frame116.jpg,0
Data/Training/Frames/WolvesManCity122719Hframe459.jpg,1
Data/Training/Frames/Full/WolvesManCity122719frame161.jpg,0
Data/Training/Frames/WolvesManCity122719Hframe332.jpg,1
Data/Training/Frames/Full/WolvesManCity122719frame682.jpg,0
Data/Training/Frames/WolvesManCity122719Hframe665.jpg,1
Data/Training/Frames/WolvesManCity122719Hframe73.jpg,1
Data/Training/Frames/Full/WolvesManCity122719frame640.jpg,0
Data/Training/Frames/WolvesManCity122719Hframe85.jpg,1
Data/Training/Frames/Full/WolvesManCity122719frame265.jpg,0
Data/Training/Frames/Full/WolvesManCity122719frame516.jpg,0
Data/Training/Frames/WolvesManCity122719Hframe558.jpg,1
Data/Training/Frames/WolvesManCity122719Hframe315.jpg,1
Data/Training/Frames/Full/WolvesManCity122719frame469.jpg,0
Data/Training/Frames/WolvesManCity122719Hframe141.jpg,1
Data/Training/Frames/Full/WolvesManCity122719frame414.jpg,0
Data/Training/Frames/WolvesManCity122719Hframe358.jpg,1
Data/Training/Frames/WolvesManCity122719Hframe184.jpg,1
Data/Training/Frames/Full/WolvesManCity122719frame185.jpg,0
Data/Training/Frames/Full/WolvesManCity122719frame463.jpg,0
Data/Training/Frames/Full/WolvesManCity122719frame404.jpg,0
Data/Training/Frames/Full/WolvesManCity122719frame152.jpg,0
Data/Training/Frames/WolvesManCity122719Hframe516.jpg,1
Data/Training/Frames/Full/WolvesManCity122719frame304.jpg,0
Data/Training/Frames/Full/WolvesManCity122719frame134.jpg,0
Data/Training/Frames/Full/WolvesManCity122719frame637.jpg,0
Data/Training/Frames/WolvesManCity122719Hframe352.jpg,1
Data/Training/Frames/Full/WolvesManCity122719frame14.jpg,0
Data/Training/Frames/Full/WolvesManCity122719frame254.jpg,0
Data/Training/Frames/Full/WolvesManCity122719frame470.jpg,0
Data/Training/Frames/WolvesManCity122719Hframe144.jpg,1
Data/Training/Frames/Full/WolvesManCity122719frame19.jpg,0
Data/Training/Frames/Full/WolvesManCity122719frame687.jpg,0
Data/Training/Frames/WolvesManCity122719Hframe486.jpg,1
Data/Training/Frames/Full/WolvesManCity122719frame585.jpg,0
Data/Training/Frames/WolvesManCity122719Hframe655.jpg,1
Data/Training/Frames/Full/WolvesManCity122719frame460.jpg,0
Data/Training/Frames/Full/WolvesManCity122719frame385.jpg,0
Data/Training/Frames/WolvesManCity122719Hframe204.jpg,1
Data/Training/Frames/WolvesManCity122719Hframe606.jpg,1
Data/Training/Frames/WolvesManCity122719Hframe401.jpg,1
Data/Training/Frames/Full/WolvesManCity122719frame696.jpg,0
Data/Training/Frames/WolvesManCity122719Hframe453.jpg,1
Data/Training/Frames/WolvesManCity122719Hframe160.jpg,1
Data/Training/Frames/Full/WolvesManCity122719frame66.jpg,0
Data/Training/Frames/WolvesManCity122719Hframe547.jpg,1
Data/Training/Frames/Full/WolvesManCity122719frame307.jpg,0
Data/Training/Frames/Full/WolvesManCity122719frame517.jpg,0
Data/Training/Frames/Full/WolvesManCity122719frame240.jpg,0
Data/Training/Frames/Full/WolvesManCity122719frame525.jpg,0
Data/Training/Frames/WolvesManCity122719Hframe32.jpg,1
Data/Training/Frames/WolvesManCity122719Hframe391.jpg,1
Data/Training/Frames/WolvesManCity122719Hframe479.jpg,1
Data/Training/Frames/Full/WolvesManCity122719frame319.jpg,0
Data/Training/Frames/WolvesManCity122719Hframe565.jpg,1
Data/Training/Frames/WolvesManCity122719Hframe485.jpg,1
Data/Training/Frames/WolvesManCity122719Hframe245.jpg,1
Data/Training/Frames/WolvesManCity122719Hframe310.jpg,1
Data/Training/Frames/Full/WolvesManCity122719frame377.jpg,0
Data/Training/Frames/WolvesManCity122719Hframe463.jpg,1
Data/Training/Frames/WolvesManCity122719Hframe70.jpg,1
Data/Training/Frames/WolvesManCity122719Hframe411.jpg,1
Data/Training/Frames/WolvesManCity122719Hframe682.jpg,1
Data/Training/Frames/WolvesManCity122719Hframe80.jpg,1
Data/Training/Frames/WolvesManCity122719Hframe309.jpg,1
Data/Training/Frames/Full/WolvesManCity122719frame433.jpg,0
Data/Training/Frames/WolvesManCity122719Hframe24.jpg,1
Data/Training/Frames/WolvesManCity122719Hframe521.jpg,1
Data/Training/Frames/WolvesManCity122719Hframe362.jpg,1
Data/Training/Frames/Full/WolvesManCity122719frame575.jpg,0
Data/Training/Frames/Full/WolvesManCity122719frame514.jpg,0
Data/Training/Frames/WolvesManCity122719Hframe518.jpg,1
Data/Training/Frames/Full/WolvesManCity122719frame264.jpg,0
Data/Training/Frames/WolvesManCity122719Hframe639.jpg,1
Data/Training/Frames/Full/WolvesManCity122719frame392.jpg,0
Data/Training/Frames/WolvesManCity122719Hframe438.jpg,1
Data/Training/Frames/Full/WolvesManCity122719frame622.jpg,0
Data/Training/Frames/Full/WolvesManCity122719frame429.jpg,0
Data/Training/Frames/WolvesManCity122719Hframe303.jpg,1
Data/Training/Frames/Full/WolvesManCity122719frame479.jpg,0
Data/Training/Frames/WolvesManCity122719Hframe148.jpg,1
Data/Training/Frames/WolvesManCity122719Hframe56.jpg,1
Data/Training/Frames/Full/WolvesManCity122719frame519.jpg,0
Data/Training/Frames/Full/WolvesManCity122719frame384.jpg,0
Data/Training/Frames/Full/WolvesManCity122719frame453.jpg,0
Data/Training/Frames/Full/WolvesManCity122719frame221.jpg,0
Data/Training/Frames/WolvesManCity122719Hframe244.jpg,1
Data/Training/Frames/Full/WolvesManCity122719frame122.jpg,0
Data/Training/Frames/WolvesManCity122719Hframe142.jpg,1
Data/Training/Frames/Full/WolvesManCity122719frame257.jpg,0
Data/Training/Frames/Full/WolvesManCity122719frame614.jpg,0
Data/Training/Frames/WolvesManCity122719Hframe326.jpg,1
Data/Training/Frames/WolvesManCity122719Hframe106.jpg,1
Data/Training/Frames/Full/WolvesManCity122719frame79.jpg,0
Data/Training/Frames/WolvesManCity122719Hframe228.jpg,1
Data/Training/Frames/WolvesManCity122719Hframe588.jpg,1
Data/Training/Frames/WolvesManCity122719Hframe621.jpg,1
Data/Training/Frames/WolvesManCity122719Hframe347.jpg,1
Data/Training/Frames/WolvesManCity122719Hframe11.jpg,1
Data/Training/Frames/Full/WolvesManCity122719frame215.jpg,0
Data/Training/Frames/Full/WolvesManCity122719frame533.jpg,0
Data/Training/Frames/Full/WolvesManCity122719frame364.jpg,0
Data/Training/Frames/WolvesManCity122719Hframe536.jpg,1
Data/Training/Frames/Full/WolvesManCity122719frame565.jpg,0
Data/Training/Frames/Full/WolvesManCity122719frame666.jpg,0
Data/Training/Frames/WolvesManCity122719Hframe582.jpg,1
Data/Training/Frames/WolvesManCity122719Hframe508.jpg,1
Data/Training/Frames/WolvesManCity122719Hframe464.jpg,1
Data/Training/Frames/Full/WolvesManCity122719frame143.jpg,0
Data/Training/Frames/Full/WolvesManCity122719frame36.jpg,0
Data/Training/Frames/WolvesManCity122719Hframe610.jpg,1
Data/Training/Frames/Full/WolvesManCity122719frame354.jpg,0
Data/Training/Frames/WolvesManCity122719Hframe512.jpg,1
Data/Training/Frames/Full/WolvesManCity122719frame294.jpg,0
Data/Training/Frames/Full/WolvesManCity122719frame227.jpg,0
Data/Training/Frames/Full/WolvesManCity122719frame52.jpg,0
Data/Training/Frames/WolvesManCity122719Hframe472.jpg,1
Data/Training/Frames/Full/WolvesManCity122719frame386.jpg,0
Data/Training/Frames/WolvesManCity122719Hframe635.jpg,1
Data/Training/Frames/Full/WolvesManCity122719frame638.jpg,0
Data/Training/Frames/WolvesManCity122719Hframe368.jpg,1
Data/Training/Frames/WolvesManCity122719Hframe314.jpg,1
